transaction_id,client_id,transaction_date,amount,payment_method,product_id,customers__customer_id,customers__first_name,customers__last_name,customers__email,customers__phone,customers__city,customers__age,customers__registration_date,clients_2026__location,clients_2026__email_address,clients_2026__client_identifier,clients_2026__customer_age,clients_2026__telephone,clients_2026__signup_date,clients_2026__full_name,products__product_id,products__product_name,products__category,products__price
T000000,C00020,2025-02-15,296.25,transfer,P0013,C00020,Lina,Karoui,,+21620000019,sousse,25.0,,sousse,client19@example.com,C00020,25.0,+21620000019,2025-01-20,Lina Karoui,P0013,Product 13,services,170.63
T000001,C00142,2025-02-15,203.19,cash,P0014,C00142,Amine,Ben Ali,client141@example.com,+21620000141,tunis,61.0,2025-01-02,tunis,client141@example.com,C00142,61.0,+21620000141,2025-01-02,,P0014,Product 14,hardware,16.16
T000002,C00105,2025-02-15,,transfer,P0008,C00105,Nour,Trabelsi,client104@example.com,+21620000104,sfax,25.0,2025-01-21,sfax,client104@example.com,C00105,25.0,,2025-01-21,Nour Trabelsi,P0008,Product 8,hardware,6.06
T000003,C00197,2025-02-15,469.45,cash,P0009,C00197,Lina,Mansour,client196@example.com,+21620000196,sousse,73.0,2025-01-01,sousse,client196@example.com,C00197,73.0,+21620000196,2025-01-01,Lina Mansour,P0009,Product 9,software,15.07
T000004,C00150,,505.52,transfer,P0006,C00150,Samar,Mansour,client149@example.com,+21620000149,sousse,26.0,2025-01-10,sousse,client149@example.com,C00150,26.0,,2025-01-10,,P0006,Product 6,services,132.97
T000005,C00123,2025-02-15,159.91,cash,P0024,C00123,Youssef,Hamdi,client122@example.com,+21620000122,tunis,66.0,2025-01-11,tunis,client122@example.com,C00123,66.0,+21620000122,2025-01-11,Youssef Hamdi,P0024,Product 24,software,150.31
T000006,C00102,,196.88,card,P0007,C00102,Amine,Karoui,client101@example.com,+21620000101,sousse,53.0,2025-01-18,sousse,client101@example.com,C00102,53.0,+21620000101,2025-01-18,,P0007,Product 7,software,12.05
T000007,C00011,2025-02-15,,cash,P0028,C00011,Youssef,,,+21620000010,tunis,65.0,2025-01-11,tunis,client10@example.com,C00011,65.0,+21620000010,2025-01-11,Youssef Ben Ali,P0028,Product 28,services,148.25
T000008,C00015,2025-02-15,999999.0,card,P0017,C00015,Nour,Hamdi,client14@example.com,+21620000014,tunis,57.0,2025-01-15,tunis,client14@example.com,C00015,57.0,+21620000014,2025-01-15,Nour Hamdi,P0017,Product 17,hardware,155.56
T000009,C00124,2025-02-15,411.54,,P0025,C00124,Lina,Karoui,client123@example.com,+21620000123,paris,24.0,2025-01-12,paris,,C00124,24.0,+21620000123,2025-01-12,Lina Karoui,P0025,Product 25,software,127.85
T000010,C00001,2025-02-15,140.81,transfer,P0020,C00001,Samar,,client0@example.com,+21620000000,paris,53.0,2025-01-01,paris,client0@example.com,C00001,53.0,+21620000000,2025-01-01,,P0020,Product 20,services,12.83
T000011,C00009,2025-02-15,201.79,transfer,P0008,C00009,Amine,Ben Ali,,+21620000008,paris,73.0,2025-01-09,paris,client8@example.com,C00009,73.0,+21620000008,2025-01-09,Amine Ben Ali,P0008,Product 8,hardware,6.06
T000012,C00044,2025-02-15,558.58,card,P0019,C00044,Lina,Hamdi,client43@example.com,+21620000043,sfax,45.0,2025-01-16,sfax,client43@example.com,C00044,45.0,+21620000043,2025-01-16,Lina Hamdi,P0019,Product 19,,168.41
T000013,C00177,2025-02-15,33.9,transfer,P0009,C00177,Nour,Hamdi,client176@example.com,+21620000176,paris,42.0,2025-01-09,paris,client176@example.com,C00177,,+21620000176,2025-01-09,Nour Hamdi,P0009,Product 9,software,15.07
T000014,C00092,2025-02-15,279.16,card,P0004,C00092,,Ben Ali,client91@example.com,+21620000091,,63.0,2025-01-08,paris,client91@example.com,C00092,63.0,+21620000091,2025-01-08,Nour Ben Ali,P0004,Product 4,services,43.65
T000015,C00142,2025-02-15,428.38,card,P0008,C00142,Amine,Ben Ali,client141@example.com,+21620000141,tunis,61.0,2025-01-02,tunis,client141@example.com,C00142,61.0,+21620000141,2025-01-02,,P0008,Product 8,hardware,6.06
T000016,C00083,2025-02-15,94.52,transfer,P0009,C00083,Samar,Hamdi,client82@example.com,+21620000082,sfax,,2025-01-27,sfax,client82@example.com,C00083,72.0,+21620000082,2025-01-27,Samar Hamdi,P0009,Product 9,software,15.07
T000017,C00035,2025-02-15,33.19,card,P0005,C00035,Adam,Trabelsi,client34@example.com,+21620000034,sfax,28.0,2025-01-07,sfax,client34@example.com,C00035,28.0,+21620000034,2025-01-07,Adam Trabelsi,P0005,,services,182.57
T000018,C00075,2025-02-15,87.23,transfer,P0001,C00075,Nour,Trabelsi,client74@example.com,,sousse,53.0,2025-01-19,sousse,client74@example.com,C00075,53.0,+21620000074,2025-01-19,Nour Trabelsi,P0001,Product 1,hardware,51.96
T000019,C00019,2025-02-15,551.7,transfer,P0029,C00019,Adam,Trabelsi,client18@example.com,+21620000018,sfax,21.0,2025-01-19,sfax,client18@example.com,C00019,21.0,+21620000018,2025-01-19,Adam Trabelsi,P0029,Product 29,services,42.64
T000020,C00155,,10.51,card,P0016,C00155,Lina,Karoui,client154@example.com,+21620000154,paris,49.0,2025-01-15,paris,client154@example.com,C00155,49.0,+21620000154,2025-01-15,Lina Karoui,P0016,Product 16,services,185.92
T000021,C00037,2025-02-15,117.05,card,P0013,C00037,Adam,Hamdi,client36@example.com,,sousse,31.0,2025-01-09,,client36@example.com,C00037,31.0,+21620000036,2025-01-09,Adam Hamdi,P0013,Product 13,services,170.63
T000022,C00076,2025-02-15,23.61,transfer,P0028,C00076,Lina,Trabelsi,client75@example.com,+21620000075,paris,59.0,2025-01-20,paris,client75@example.com,C00076,59.0,,2025-01-20,Lina Trabelsi,P0028,Product 28,services,148.25
T000023,C00197,2025-02-15,70.82,,P0007,C00197,Lina,Mansour,client196@example.com,+21620000196,sousse,73.0,2025-01-01,sousse,client196@example.com,C00197,73.0,+21620000196,2025-01-01,Lina Mansour,P0007,Product 7,software,12.05
T000024,C00119,2025-02-15,373.99,cash,P0013,C00119,Amine,Karoui,client118@example.com,,,31.0,2025-01-07,sfax,client118@example.com,C00119,31.0,+21620000118,2025-01-07,Amine Karoui,P0013,Product 13,services,170.63
T000025,C00092,2025-02-15,148.78,,P0026,C00092,,Ben Ali,client91@example.com,+21620000091,,63.0,2025-01-08,paris,client91@example.com,C00092,63.0,+21620000091,2025-01-08,Nour Ben Ali,P0026,Product 26,hardware,170.97
T000026,C00109,2025-02-15,343.68,cash,P0019,C00109,Lina,Ben Ali,client108@example.com,,sfax,45.0,2025-01-25,sfax,client108@example.com,C00109,45.0,+21620000108,2025-01-25,Lina Ben Ali,P0019,Product 19,,168.41
T000027,C00157,2025-02-15,356.17,transfer,P0012,C00157,Samar,Mansour,client156@example.com,+21620000156,sousse,60.0,2025-01-17,sousse,client156@example.com,C00157,60.0,+21620000156,2025-01-17,Samar Mansour,P0012,Product 12,services,51.52
T000028,C00051,2025-02-15,510.41,cash,P0008,C00051,Nour,Mansour,client50@example.com,+21620000050,paris,45.0,2025-01-23,paris,client50@example.com,C00051,45.0,+21620000050,2025-01-23,Nour Mansour,P0008,Product 8,hardware,6.06
T000029,C00128,2025-02-15,7.82,card,P0002,C00128,Nour,Mansour,client127@example.com,+21620000127,tunis,22.0,2025-01-16,tunis,client127@example.com,C00128,22.0,+21620000127,2025-01-16,Nour Mansour,P0002,Product 2,hardware,
T000030,C00175,2025-02-15,512.75,cash,P0003,C00175,Nour,Karoui,client174@example.com,+21620000174,tunis,66.0,2025-01-07,tunis,client174@example.com,C00175,66.0,+21620000174,2025-01-07,Nour Karoui,P0003,Product 3,software,156.47
T000031,C00115,2025-02-15,373.38,transfer,P0005,C00115,Youssef,Ben Ali,client114@example.com,+21620000114,paris,70.0,2025-01-03,paris,client114@example.com,C00115,70.0,+21620000114,2025-01-03,Youssef Ben Ali,P0005,,services,182.57
T000032,C00090,2025-02-15,101.83,card,P0024,C00090,,Trabelsi,client89@example.com,+21620000089,sousse,62.0,2025-01-06,sousse,client89@example.com,C00090,62.0,+21620000089,2025-01-06,Nour Trabelsi,P0024,Product 24,software,150.31
T000033,C00030,2025-02-15,464.9,,P0020,C00030,Lina,,client29@example.com,+21620000029,sousse,38.0,2025-01-02,sousse,client29@example.com,C00030,,+21620000029,2025-01-02,Lina Mansour,P0020,Product 20,services,12.83
T000034,C00050,2025-02-15,514.02,transfer,P0014,C00050,,Mansour,client49@example.com,+21620000049,sfax,66.0,2025-01-22,,client49@example.com,C00050,66.0,+21620000049,2025-01-22,Nour Mansour,P0014,Product 14,hardware,16.16
T000035,C00190,,156.29,,P0024,C00190,Amine,,client189@example.com,+21620000189,paris,18.0,2025-01-22,paris,client189@example.com,C00190,18.0,+21620000189,2025-01-22,Amine Mansour,P0024,Product 24,software,150.31
T000036,C00109,2025-02-15,551.68,card,P0005,C00109,Lina,Ben Ali,client108@example.com,,sfax,45.0,2025-01-25,sfax,client108@example.com,C00109,45.0,+21620000108,2025-01-25,Lina Ben Ali,P0005,,services,182.57
T000037,C00061,2025-02-15,275.4,card,P0007,C00061,Adam,Hamdi,client60@example.com,+21620000060,sousse,28.0,2025-01-05,sousse,client60@example.com,C00061,28.0,+21620000060,2025-01-05,Adam Hamdi,P0007,Product 7,software,12.05
T000038,C00084,2025-02-15,,cash,P0012,C00084,Nour,Trabelsi,client83@example.com,+21620000083,paris,72.0,2025-01-28,paris,client83@example.com,C00084,72.0,+21620000083,2025-01-28,Nour Trabelsi,P0012,Product 12,services,51.52
T000039,C00116,2025-02-15,590.87,cash,P0028,C00116,Youssef,Hamdi,client115@example.com,+21620000115,,63.0,2025-01-04,tunis,client115@example.com,C00116,63.0,+21620000115,2025-01-04,Youssef Hamdi,P0028,Product 28,services,148.25
T000040,C00108,2025-02-15,220.11,transfer,P0019,C00108,Youssef,Trabelsi,client107@example.com,+21620000107,tunis,50.0,2025-01-24,tunis,client107@example.com,C00108,50.0,+21620000107,2025-01-24,Youssef Trabelsi,P0019,Product 19,,168.41
T000041,C00140,2025-02-15,488.83,cash,P0026,C00140,Lina,Karoui,client139@example.com,+21620000139,tunis,69.0,2025-01-28,tunis,client139@example.com,C00140,69.0,+21620000139,2025-01-28,Lina Karoui,P0026,Product 26,hardware,170.97
T000042,C00052,2025-02-15,194.45,,P0008,C00052,Amine,Trabelsi,client51@example.com,,paris,55.0,2025-01-24,paris,client51@example.com,C00052,55.0,+21620000051,2025-01-24,Amine Trabelsi,P0008,Product 8,hardware,6.06
T000043,C00130,2025-02-15,480.53,card,P0026,C00130,Youssef,Trabelsi,client129@example.com,+21620000129,paris,55.0,2025-01-18,paris,client129@example.com,C00130,55.0,+21620000129,2025-01-18,Youssef Trabelsi,P0026,Product 26,hardware,170.97
T000044,C00089,2025-02-15,362.44,cash,P0003,C00089,Nour,Trabelsi,,+21620000088,paris,43.0,2025-01-05,paris,client88@example.com,C00089,43.0,+21620000088,2025-01-05,Nour Trabelsi,P0003,Product 3,software,156.47
T000045,C00189,2025-02-15,133.73,card,P0007,C00189,Amine,Karoui,client188@example.com,+21620000188,paris,49.0,2025-01-21,,,C00189,49.0,+21620000188,2025-01-21,Amine Karoui,P0007,Product 7,software,12.05
T000046,C00032,2025-02-15,251.35,cash,P0016,C00032,Amine,Karoui,client31@example.com,+21620000031,sousse,36.0,2025-01-04,sousse,client31@example.com,C00032,36.0,+21620000031,2025-01-04,Amine Karoui,P0016,Product 16,services,185.92
T000047,C00030,2025-02-15,193.99,card,P0002,C00030,Lina,,client29@example.com,+21620000029,sousse,38.0,2025-01-02,sousse,client29@example.com,C00030,,+21620000029,2025-01-02,Lina Mansour,P0002,Product 2,hardware,
T000048,C00093,2025-02-15,51.47,cash,P0026,C00093,Adam,,client92@example.com,+21620000092,paris,71.0,,paris,client92@example.com,C00093,71.0,+21620000092,2025-01-09,Adam Karoui,P0026,Product 26,hardware,170.97
T000049,C00102,2025-02-15,22.75,cash,P0027,C00102,Amine,Karoui,client101@example.com,+21620000101,sousse,53.0,2025-01-18,sousse,client101@example.com,C00102,53.0,+21620000101,2025-01-18,,P0027,Product 27,services,35.27
T000050,C00139,2025-02-15,211.15,card,P0017,C00139,Lina,Ben Ali,client138@example.com,+21620000138,sousse,60.0,2025-01-27,sousse,client138@example.com,C00139,60.0,+21620000138,2025-01-27,Lina Ben Ali,P0017,Product 17,hardware,155.56
T000051,C00081,2025-02-15,16.33,card,P0010,C00081,,Ben Ali,client80@example.com,+21620000080,sfax,59.0,2025-01-25,sfax,client80@example.com,C00081,59.0,+21620000080,2025-01-25,Adam Ben Ali,P0010,Product 10,services,123.16
T000052,C00183,2025-02-15,,cash,P0003,C00183,Lina,Karoui,client182@example.com,+21620000182,tunis,24.0,,tunis,client182@example.com,C00183,24.0,+21620000182,2025-01-15,Lina Karoui,P0003,Product 3,software,156.47
T000053,C00095,2025-02-15,436.48,transfer,P0019,C00095,Adam,Trabelsi,client94@example.com,+21620000094,sfax,23.0,2025-01-11,sfax,client94@example.com,C00095,23.0,+21620000094,2025-01-11,Adam Trabelsi,P0019,Product 19,,168.41
T000054,C00026,2025-02-15,426.31,card,P0017,C00026,Youssef,,client25@example.com,+21620000025,tunis,,2025-01-26,tunis,client25@example.com,C00026,31.0,+21620000025,2025-01-26,Youssef Ben Ali,P0017,Product 17,hardware,155.56
T000055,C00024,2025-02-15,444.46,cash,P0023,C00024,Adam,Ben Ali,client23@example.com,+21620000023,,,2025-01-24,sousse,client23@example.com,C00024,41.0,+21620000023,2025-01-24,Adam Ben Ali,P0023,Product 23,hardware,103.38
T000056,C00195,2025-02-15,193.71,card,P0019,C00195,Adam,Hamdi,client194@example.com,+21620000194,sfax,42.0,2025-01-27,sfax,client194@example.com,C00195,42.0,+21620000194,2025-01-27,Adam Hamdi,P0019,Product 19,,168.41
T000057,C00027,2025-02-15,534.56,,P0004,C00027,Lina,Karoui,client26@example.com,+21620000026,paris,37.0,2025-01-27,paris,client26@example.com,C00027,37.0,+21620000026,2025-01-27,,P0004,Product 4,services,43.65
T000058,C00190,2025-02-15,358.33,cash,P0004,C00190,Amine,,client189@example.com,+21620000189,paris,18.0,2025-01-22,paris,client189@example.com,C00190,18.0,+21620000189,2025-01-22,Amine Mansour,P0004,Product 4,services,43.65
T000059,C00056,2025-02-15,79.99,transfer,P0024,C00056,Samar,Mansour,client55@example.com,+21620000055,sousse,48.0,2025-01-28,sousse,client55@example.com,C00056,48.0,+21620000055,2025-01-28,Samar Mansour,P0024,Product 24,software,150.31
T000060,C00019,2025-02-15,90.51,card,P0005,C00019,Adam,Trabelsi,client18@example.com,+21620000018,sfax,21.0,2025-01-19,sfax,client18@example.com,C00019,21.0,+21620000018,2025-01-19,Adam Trabelsi,P0005,,services,182.57
T000061,C00061,2025-02-15,417.39,card,P0029,C00061,Adam,Hamdi,client60@example.com,+21620000060,sousse,28.0,2025-01-05,sousse,client60@example.com,C00061,28.0,+21620000060,2025-01-05,Adam Hamdi,P0029,Product 29,services,42.64
T000062,C00123,2025-02-15,107.9,cash,P0004,C00123,Youssef,Hamdi,client122@example.com,+21620000122,tunis,66.0,2025-01-11,tunis,client122@example.com,C00123,66.0,+21620000122,2025-01-11,Youssef Hamdi,P0004,Product 4,services,43.65
T000063,C00086,2025-02-15,306.84,cash,P0022,C00086,Nour,Karoui,client85@example.com,+21620000085,tunis,63.0,2025-01-02,tunis,client85@example.com,C00086,63.0,+21620000085,2025-01-02,Nour Karoui,P0022,Product 22,software,29.36
T000064,C00158,2025-02-15,595.11,transfer,P0030,C00158,Youssef,Karoui,client157@example.com,+21620000157,paris,39.0,,paris,client157@example.com,C00158,39.0,+21620000157,2025-01-18,Youssef Karoui,P0030,Product 30,hardware,57.8
T000065,C00123,2025-02-15,,transfer,P0014,C00123,Youssef,Hamdi,client122@example.com,+21620000122,tunis,66.0,2025-01-11,tunis,client122@example.com,C00123,66.0,+21620000122,2025-01-11,Youssef Hamdi,P0014,Product 14,hardware,16.16
T000066,C00081,2025-02-15,14.86,transfer,P0002,C00081,,Ben Ali,client80@example.com,+21620000080,sfax,59.0,2025-01-25,sfax,client80@example.com,C00081,59.0,+21620000080,2025-01-25,Adam Ben Ali,P0002,Product 2,hardware,
T000067,C00127,2025-02-15,595.89,cash,P0027,C00127,Samar,Ben Ali,client126@example.com,+21620000126,paris,59.0,2025-01-15,paris,client126@example.com,C00127,59.0,+21620000126,2025-01-15,Samar Ben Ali,P0027,Product 27,services,35.27
T000068,C00195,,352.86,cash,P0006,C00195,Adam,Hamdi,client194@example.com,+21620000194,sfax,42.0,2025-01-27,sfax,client194@example.com,C00195,42.0,+21620000194,2025-01-27,Adam Hamdi,P0006,Product 6,services,132.97
T000069,C00083,2025-02-15,80.51,cash,P0016,C00083,Samar,Hamdi,client82@example.com,+21620000082,sfax,,2025-01-27,sfax,client82@example.com,C00083,72.0,+21620000082,2025-01-27,Samar Hamdi,P0016,Product 16,services,185.92
T000070,C00031,2025-02-15,538.89,card,P0030,C00031,Lina,Trabelsi,client30@example.com,+21620000030,tunis,60.0,2025-01-03,tunis,client30@example.com,C00031,60.0,+21620000030,2025-01-03,,P0030,Product 30,hardware,57.8
T000071,C00082,,528.83,cash,P0023,C00082,Lina,Trabelsi,client81@example.com,+21620000081,paris,25.0,2025-01-26,paris,client81@example.com,C00082,25.0,+21620000081,2025-01-26,Lina Trabelsi,P0023,Product 23,hardware,103.38
T000072,C00169,2025-02-15,324.04,,P0002,C00169,Lina,Mansour,client168@example.com,+21620000168,sousse,25.0,2025-01-01,sousse,client168@example.com,C00169,25.0,+21620000168,2025-01-01,Lina Mansour,P0002,Product 2,hardware,
T000073,C00044,2025-02-15,374.97,card,P0025,C00044,Lina,Hamdi,client43@example.com,+21620000043,sfax,45.0,2025-01-16,sfax,client43@example.com,C00044,45.0,+21620000043,2025-01-16,Lina Hamdi,P0025,Product 25,software,127.85
T000074,C00190,2025-02-15,167.55,,P0005,C00190,Amine,,client189@example.com,+21620000189,paris,18.0,2025-01-22,paris,client189@example.com,C00190,18.0,+21620000189,2025-01-22,Amine Mansour,P0005,,services,182.57
T000075,C00118,2025-02-15,35.06,cash,P0023,C00118,Samar,Hamdi,client117@example.com,+21620000117,tunis,46.0,2025-01-06,tunis,client117@example.com,C00118,46.0,+21620000117,2025-01-06,Samar Hamdi,P0023,Product 23,hardware,103.38
T000076,C00121,2025-02-15,358.77,cash,P0019,C00121,Lina,Ben Ali,client120@example.com,+21620000120,sfax,25.0,2025-01-09,sfax,client120@example.com,C00121,25.0,+21620000120,2025-01-09,Lina Ben Ali,P0019,Product 19,,168.41
T000077,C00064,2025-02-15,180.38,transfer,P0009,C00064,Adam,Karoui,client63@example.com,+21620000063,sfax,,2025-01-08,sfax,client63@example.com,C00064,29.0,+21620000063,2025-01-08,Adam Karoui,P0009,Product 9,software,15.07
T000078,C00185,2025-02-15,399.85,cash,P0013,C00185,Lina,Mansour,client184@example.com,+21620000184,sfax,45.0,2025-01-17,sfax,client184@example.com,C00185,45.0,+21620000184,2025-01-17,Lina Mansour,P0013,Product 13,services,170.63
T000079,C00008,2025-02-15,502.57,transfer,P0004,C00008,Nour,Karoui,client7@example.com,+21620000007,,47.0,2025-01-08,tunis,client7@example.com,C00008,47.0,+21620000007,2025-01-08,Nour Karoui,P0004,Product 4,services,43.65
T000080,C00060,2025-02-15,15.81,cash,P0030,C00060,Nour,Trabelsi,client59@example.com,+21620000059,tunis,34.0,2025-01-04,tunis,client59@example.com,C00060,34.0,+21620000059,2025-01-04,,P0030,Product 30,hardware,57.8
T000081,C00084,2025-02-15,359.45,card,P0008,C00084,Nour,Trabelsi,client83@example.com,+21620000083,paris,72.0,2025-01-28,paris,client83@example.com,C00084,72.0,+21620000083,2025-01-28,Nour Trabelsi,P0008,Product 8,hardware,6.06
T000082,C00096,2025-02-15,,card,P0010,C00096,Amine,Trabelsi,client95@example.com,+21620000095,sfax,32.0,2025-01-12,sfax,client95@example.com,C00096,32.0,+21620000095,2025-01-12,Amine Trabelsi,P0010,Product 10,services,123.16
T000083,C00095,2025-02-15,524.96,transfer,P0016,C00095,Adam,Trabelsi,client94@example.com,+21620000094,sfax,23.0,2025-01-11,sfax,client94@example.com,C00095,23.0,+21620000094,2025-01-11,Adam Trabelsi,P0016,Product 16,services,185.92
T000084,C00030,2025-02-15,155.93,cash,P0021,C00030,Lina,,client29@example.com,+21620000029,sousse,38.0,2025-01-02,sousse,client29@example.com,C00030,,+21620000029,2025-01-02,Lina Mansour,P0021,Product 21,hardware,44.35
T000085,C00046,,368.41,card,P0016,C00046,Adam,Mansour,client45@example.com,+21620000045,sousse,36.0,2025-01-18,sousse,client45@example.com,C00046,36.0,+21620000045,,Adam Mansour,P0016,Product 16,services,185.92
T000086,C00020,2025-02-15,334.36,cash,P0016,C00020,Lina,Karoui,,+21620000019,sousse,25.0,,sousse,client19@example.com,C00020,25.0,+21620000019,2025-01-20,Lina Karoui,P0016,Product 16,services,185.92
T000087,C00115,,240.72,transfer,P0018,C00115,Youssef,Ben Ali,client114@example.com,+21620000114,paris,70.0,2025-01-03,paris,client114@example.com,C00115,70.0,+21620000114,2025-01-03,Youssef Ben Ali,P0018,Product 18,hardware,141.13
T000088,C00071,2025-02-15,408.18,cash,P0026,C00071,Nour,Ben Ali,client70@example.com,+21620000070,sousse,72.0,2025-01-15,sousse,client70@example.com,C00071,72.0,+21620000070,2025-01-15,Nour Ben Ali,P0026,Product 26,hardware,170.97
T000089,C00114,,436.83,card,P0012,C00114,Lina,Ben Ali,client113@example.com,+21620000113,paris,61.0,2025-01-02,paris,client113@example.com,C00114,,+21620000113,2025-01-02,Lina Ben Ali,P0012,Product 12,services,51.52
T000090,C00118,2025-02-15,342.33,card,P0025,C00118,Samar,Hamdi,client117@example.com,+21620000117,tunis,46.0,2025-01-06,tunis,client117@example.com,C00118,46.0,+21620000117,2025-01-06,Samar Hamdi,P0025,Product 25,software,127.85
T000091,C00141,2025-02-15,456.26,transfer,P0024,C00141,Adam,Hamdi,client140@example.com,,sousse,64.0,2025-01-01,sousse,client140@example.com,C00141,64.0,+21620000140,2025-01-01,Adam Hamdi,P0024,Product 24,software,150.31
T000092,C00110,2025-02-15,590.13,transfer,P0029,C00110,Nour,Mansour,client109@example.com,+21620000109,tunis,44.0,2025-01-26,,client109@example.com,C00110,44.0,,2025-01-26,Nour Mansour,P0029,Product 29,services,42.64
T000093,C00130,2025-02-15,254.47,transfer,P0028,C00130,Youssef,Trabelsi,client129@example.com,+21620000129,paris,55.0,2025-01-18,paris,client129@example.com,C00130,55.0,+21620000129,2025-01-18,Youssef Trabelsi,P0028,Product 28,services,148.25
T000094,C00118,2025-02-15,311.18,transfer,P0024,C00118,Samar,Hamdi,client117@example.com,+21620000117,tunis,46.0,2025-01-06,tunis,client117@example.com,C00118,46.0,+21620000117,2025-01-06,Samar Hamdi,P0024,Product 24,software,150.31
T000095,C00131,,12.42,card,P0008,C00131,Youssef,Trabelsi,client130@example.com,+21620000130,,59.0,2025-01-19,sousse,client130@example.com,C00131,59.0,+21620000130,2025-01-19,Youssef Trabelsi,P0008,Product 8,hardware,6.06
T000096,C00124,2025-02-15,478.64,card,P0024,C00124,Lina,Karoui,client123@example.com,+21620000123,paris,24.0,2025-01-12,paris,,C00124,24.0,+21620000123,2025-01-12,Lina Karoui,P0024,Product 24,software,150.31
T000097,C00064,2025-02-15,314.54,card,P0023,C00064,Adam,Karoui,client63@example.com,+21620000063,sfax,,2025-01-08,sfax,client63@example.com,C00064,29.0,+21620000063,2025-01-08,Adam Karoui,P0023,Product 23,hardware,103.38
T000098,C00050,2025-02-15,247.74,card,P0009,C00050,,Mansour,client49@example.com,+21620000049,sfax,66.0,2025-01-22,,client49@example.com,C00050,66.0,+21620000049,2025-01-22,Nour Mansour,P0009,Product 9,software,15.07
T000099,C00158,2025-02-15,60.97,transfer,P0021,C00158,Youssef,Karoui,client157@example.com,+21620000157,paris,39.0,,paris,client157@example.com,C00158,39.0,+21620000157,2025-01-18,Youssef Karoui,P0021,Product 21,hardware,44.35
T000100,C00069,2025-02-15,534.35,transfer,P0008,C00069,Samar,Hamdi,client68@example.com,+21620000068,tunis,70.0,2025-01-13,tunis,client68@example.com,C00069,70.0,+21620000068,2025-01-13,Samar Hamdi,P0008,Product 8,hardware,6.06
T000101,C00110,,,card,P0016,C00110,Nour,Mansour,client109@example.com,+21620000109,tunis,44.0,2025-01-26,,client109@example.com,C00110,44.0,,2025-01-26,Nour Mansour,P0016,Product 16,services,185.92
T000102,C00040,2025-02-15,411.14,transfer,P0024,C00040,Youssef,Hamdi,client39@example.com,+21620000039,sfax,72.0,2025-01-12,sfax,,C00040,72.0,,2025-01-12,Youssef Hamdi,P0024,Product 24,software,150.31
T000103,C00087,2025-02-15,93.88,cash,P0006,C00087,Samar,Mansour,client86@example.com,+21620000086,sfax,41.0,2025-01-03,sfax,client86@example.com,C00087,41.0,+21620000086,2025-01-03,Samar Mansour,P0006,Product 6,services,132.97
T000104,C00106,2025-02-15,577.12,card,P0011,C00106,Nour,Mansour,client105@example.com,+21620000105,sfax,50.0,2025-01-22,sfax,,C00106,50.0,+21620000105,2025-01-22,Nour Mansour,P0011,Product 11,hardware,161.29
T000105,C00126,2025-02-15,111.17,transfer,P0024,C00126,,Ben Ali,client125@example.com,+21620000125,sfax,24.0,2025-01-14,sfax,,C00126,24.0,+21620000125,2025-01-14,Youssef Ben Ali,P0024,Product 24,software,150.31
T000106,C00106,2025-02-15,123.73,transfer,P0014,C00106,Nour,Mansour,client105@example.com,+21620000105,sfax,50.0,2025-01-22,sfax,,C00106,50.0,+21620000105,2025-01-22,Nour Mansour,P0014,Product 14,hardware,16.16
T000107,C00073,2025-02-15,516.09,cash,P0029,C00073,Lina,Mansour,client72@example.com,+21620000072,sfax,54.0,2025-01-17,sfax,client72@example.com,C00073,54.0,+21620000072,,Lina Mansour,P0029,Product 29,services,42.64
T000108,C00193,2025-02-15,547.99,,P0001,C00193,Youssef,Ben Ali,client192@example.com,+21620000192,tunis,59.0,2025-01-25,tunis,client192@example.com,C00193,59.0,+21620000192,,Youssef Ben Ali,P0001,Product 1,hardware,51.96
T000109,C00103,2025-02-15,131.23,cash,P0022,C00103,Nour,Mansour,client102@example.com,+21620000102,paris,27.0,2025-01-19,paris,client102@example.com,C00103,27.0,+21620000102,2025-01-19,Nour Mansour,P0022,Product 22,software,29.36
T000110,C00162,2025-02-15,284.53,,P0025,C00162,Youssef,Karoui,client161@example.com,+21620000161,tunis,49.0,2025-01-22,tunis,client161@example.com,C00162,49.0,+21620000161,2025-01-22,Youssef Karoui,P0025,Product 25,software,127.85
T000111,C00148,2025-02-15,441.43,cash,P0028,C00148,Amine,Karoui,client147@example.com,+21620000147,sousse,35.0,2025-01-08,sousse,client147@example.com,C00148,35.0,+21620000147,2025-01-08,Amine Karoui,P0028,Product 28,services,148.25
T000112,C00112,2025-02-15,527.63,transfer,P0005,C00112,Nour,Hamdi,client111@example.com,+21620000111,sousse,47.0,2025-01-28,sousse,client111@example.com,C00112,47.0,+21620000111,2025-01-28,Nour Hamdi,P0005,,services,182.57
T000113,C00178,2025-02-15,230.54,card,P0030,C00178,Samar,Hamdi,client177@example.com,+21620000177,sousse,24.0,2025-01-10,sousse,client177@example.com,C00178,24.0,+21620000177,2025-01-10,,P0030,Product 30,hardware,57.8
T000114,C00026,2025-02-15,312.63,card,P0012,C00026,Youssef,,client25@example.com,+21620000025,tunis,,2025-01-26,tunis,client25@example.com,C00026,31.0,+21620000025,2025-01-26,Youssef Ben Ali,P0012,Product 12,services,51.52
T000115,C00185,2025-02-15,446.32,transfer,P0011,C00185,Lina,Mansour,client184@example.com,+21620000184,sfax,45.0,2025-01-17,sfax,client184@example.com,C00185,45.0,+21620000184,2025-01-17,Lina Mansour,P0011,Product 11,hardware,161.29
T000116,C00171,2025-02-15,440.03,card,P0011,C00171,Samar,Ben Ali,client170@example.com,+21620000170,paris,55.0,2025-01-03,paris,client170@example.com,C00171,55.0,+21620000170,2025-01-03,Samar Ben Ali,P0011,Product 11,hardware,161.29
T000117,C00101,2025-02-15,470.86,card,P0020,C00101,Nour,Ben Ali,client100@example.com,+21620000100,tunis,47.0,2025-01-17,tunis,client100@example.com,C00101,47.0,+21620000100,2025-01-17,Nour Ben Ali,P0020,Product 20,services,12.83
T000118,C00147,2025-02-15,344.11,transfer,P0020,C00147,,Karoui,client146@example.com,+21620000146,sfax,48.0,2025-01-07,sfax,client146@example.com,C00147,48.0,+21620000146,2025-01-07,Samar Karoui,P0020,Product 20,services,12.83
T000119,C00105,2025-02-15,67.25,card,P0015,C00105,Nour,Trabelsi,client104@example.com,+21620000104,sfax,25.0,2025-01-21,sfax,client104@example.com,C00105,25.0,,2025-01-21,Nour Trabelsi,P0015,Product 15,services,161.19
T000120,C00054,2025-02-15,542.86,cash,P0003,C00054,Lina,Ben Ali,client53@example.com,+21620000053,tunis,63.0,2025-01-26,tunis,client53@example.com,C00054,63.0,+21620000053,2025-01-26,Lina Ben Ali,P0003,Product 3,software,156.47
T000121,C00160,2025-02-15,520.02,card,P0030,C00160,Nour,Hamdi,client159@example.com,+21620000159,paris,59.0,2025-01-20,paris,,C00160,59.0,+21620000159,2025-01-20,Nour Hamdi,P0030,Product 30,hardware,57.8
T000122,C00050,2025-02-15,479.87,card,P0007,C00050,,Mansour,client49@example.com,+21620000049,sfax,66.0,2025-01-22,,client49@example.com,C00050,66.0,+21620000049,2025-01-22,Nour Mansour,P0007,Product 7,software,12.05
T000123,C00063,2025-02-15,64.42,transfer,P0003,C00063,,Ben Ali,client62@example.com,+21620000062,sousse,20.0,2025-01-07,sousse,client62@example.com,C00063,20.0,,2025-01-07,Lina Ben Ali,P0003,Product 3,software,156.47
T000124,C00104,2025-02-15,126.62,card,P0018,C00104,Samar,Karoui,client103@example.com,+21620000103,paris,27.0,2025-01-20,paris,client103@example.com,C00104,27.0,+21620000103,2025-01-20,Samar Karoui,P0018,Product 18,hardware,141.13
T000125,C00168,2025-02-15,447.44,card,P0013,C00168,Amine,Ben Ali,client167@example.com,+21620000167,tunis,45.0,2025-01-28,tunis,client167@example.com,C00168,45.0,,2025-01-28,Amine Ben Ali,P0013,Product 13,services,170.63
T000126,C00077,2025-02-15,18.77,transfer,P0019,C00077,Amine,Trabelsi,client76@example.com,+21620000076,paris,51.0,2025-01-21,,client76@example.com,C00077,51.0,+21620000076,2025-01-21,,P0019,Product 19,,168.41
T000127,C00099,2025-02-15,587.64,transfer,P0027,C00099,Youssef,Ben Ali,client98@example.com,+21620000098,paris,,2025-01-15,,,C00099,20.0,+21620000098,2025-01-15,Youssef Ben Ali,P0027,Product 27,services,35.27
T000128,C00009,2025-02-15,229.4,card,P0003,C00009,Amine,Ben Ali,,+21620000008,paris,73.0,2025-01-09,paris,client8@example.com,C00009,73.0,+21620000008,2025-01-09,Amine Ben Ali,P0003,Product 3,software,156.47
T000129,C00024,2025-02-15,432.99,transfer,P0009,C00024,Adam,Ben Ali,client23@example.com,+21620000023,,,2025-01-24,sousse,client23@example.com,C00024,41.0,+21620000023,2025-01-24,Adam Ben Ali,P0009,Product 9,software,15.07
T000130,C00012,2025-02-15,533.1,cash,P0016,C00012,Adam,Hamdi,client11@example.com,,tunis,44.0,2025-01-12,tunis,client11@example.com,C00012,44.0,+21620000011,,Adam Hamdi,P0016,Product 16,services,185.92
T000131,C00015,2025-02-15,239.8,transfer,P0024,C00015,Nour,Hamdi,client14@example.com,+21620000014,tunis,57.0,2025-01-15,tunis,client14@example.com,C00015,57.0,+21620000014,2025-01-15,Nour Hamdi,P0024,Product 24,software,150.31
T000132,C00174,2025-02-15,194.88,card,P0019,C00174,Nour,Ben Ali,client173@example.com,+21620000173,tunis,58.0,,tunis,client173@example.com,C00174,58.0,+21620000173,2025-01-06,Nour Ben Ali,P0019,Product 19,,168.41
T000133,C00169,2025-02-15,367.2,transfer,P0012,C00169,Lina,Mansour,client168@example.com,+21620000168,sousse,25.0,2025-01-01,sousse,client168@example.com,C00169,25.0,+21620000168,2025-01-01,Lina Mansour,P0012,Product 12,services,51.52
T000134,C00165,2025-02-15,,cash,P0019,C00165,Lina,Mansour,client164@example.com,+21620000164,paris,38.0,2025-01-25,paris,client164@example.com,C00165,38.0,+21620000164,2025-01-25,Lina Mansour,P0019,Product 19,,168.41
T000135,C00012,2025-02-15,248.44,transfer,P0030,C00012,Adam,Hamdi,client11@example.com,,tunis,44.0,2025-01-12,tunis,client11@example.com,C00012,44.0,+21620000011,,Adam Hamdi,P0030,Product 30,hardware,57.8
T000136,C00016,2025-02-15,363.06,,P0015,C00016,Nour,Ben Ali,client15@example.com,+21620000015,sousse,54.0,2025-01-16,sousse,client15@example.com,C00016,54.0,+21620000015,2025-01-16,Nour Ben Ali,P0015,Product 15,services,161.19
T000137,C00057,2025-02-15,561.55,transfer,P0027,C00057,Youssef,,client56@example.com,+21620000056,tunis,61.0,,tunis,client56@example.com,C00057,61.0,+21620000056,2025-01-01,Youssef Hamdi,P0027,Product 27,services,35.27
T000138,C00114,2025-02-15,283.25,cash,P0024,C00114,Lina,Ben Ali,client113@example.com,+21620000113,paris,61.0,2025-01-02,paris,client113@example.com,C00114,,+21620000113,2025-01-02,Lina Ben Ali,P0024,Product 24,software,150.31
T000139,C00067,2025-02-15,122.06,card,P0010,C00067,,Trabelsi,client66@example.com,,tunis,46.0,2025-01-11,tunis,client66@example.com,C00067,46.0,+21620000066,2025-01-11,Adam Trabelsi,P0010,Product 10,services,123.16
T000140,C00098,2025-02-15,229.44,transfer,P0008,C00098,Nour,Trabelsi,client97@example.com,+21620000097,sfax,51.0,2025-01-14,sfax,client97@example.com,C00098,51.0,+21620000097,,Nour Trabelsi,P0008,Product 8,hardware,6.06
T000141,C00035,,,transfer,P0024,C00035,Adam,Trabelsi,client34@example.com,+21620000034,sfax,28.0,2025-01-07,sfax,client34@example.com,C00035,28.0,+21620000034,2025-01-07,Adam Trabelsi,P0024,Product 24,software,150.31
T000142,C00147,2025-02-15,83.01,card,P0007,C00147,,Karoui,client146@example.com,+21620000146,sfax,48.0,2025-01-07,sfax,client146@example.com,C00147,48.0,+21620000146,2025-01-07,Samar Karoui,P0007,Product 7,software,12.05
T000143,C00063,2025-02-15,101.91,cash,P0011,C00063,,Ben Ali,client62@example.com,+21620000062,sousse,20.0,2025-01-07,sousse,client62@example.com,C00063,20.0,,2025-01-07,Lina Ben Ali,P0011,Product 11,hardware,161.29
T000144,C00014,2025-02-15,412.31,cash,P0008,C00014,Nour,Trabelsi,client13@example.com,+21620000013,,39.0,2025-01-14,tunis,client13@example.com,C00014,39.0,+21620000013,2025-01-14,Nour Trabelsi,P0008,Product 8,hardware,6.06
T000145,C00149,2025-02-15,206.99,,P0019,C00149,Nour,Mansour,client148@example.com,+21620000148,sousse,35.0,2025-01-09,sousse,client148@example.com,C00149,35.0,+21620000148,2025-01-09,Nour Mansour,P0019,Product 19,,168.41
T000146,C00181,2025-02-15,573.16,transfer,P0009,C00181,Adam,Mansour,,+21620000180,tunis,68.0,,tunis,client180@example.com,C00181,68.0,+21620000180,2025-01-13,Adam Mansour,P0009,Product 9,software,15.07
T000147,C00003,2025-02-15,149.94,transfer,P0020,C00003,,Trabelsi,client2@example.com,+21620000002,sfax,,2025-01-03,sfax,client2@example.com,C00003,,+21620000002,2025-01-03,Youssef Trabelsi,P0020,Product 20,services,12.83
T000148,C00088,,63.86,card,P0029,C00088,Amine,Trabelsi,client87@example.com,+21620000087,sousse,51.0,2025-01-04,sousse,client87@example.com,C00088,51.0,+21620000087,2025-01-04,Amine Trabelsi,P0029,Product 29,services,42.64
T000149,C00166,2025-02-15,453.34,transfer,P0025,C00166,Nour,Trabelsi,,+21620000165,tunis,,2025-01-26,tunis,client165@example.com,C00166,62.0,+21620000165,2025-01-26,Nour Trabelsi,P0025,Product 25,software,127.85
T000150,C00142,2025-02-15,529.22,cash,P0029,C00142,Amine,Ben Ali,client141@example.com,+21620000141,tunis,61.0,2025-01-02,tunis,client141@example.com,C00142,61.0,+21620000141,2025-01-02,,P0029,Product 29,services,42.64
T000151,C00172,2025-02-15,170.48,transfer,P0001,C00172,Samar,Hamdi,client171@example.com,+21620000171,sfax,74.0,2025-01-04,sfax,client171@example.com,C00172,74.0,+21620000171,2025-01-04,Samar Hamdi,P0001,Product 1,hardware,51.96
T000152,C00084,2025-02-15,,transfer,P0014,C00084,Nour,Trabelsi,client83@example.com,+21620000083,paris,72.0,2025-01-28,paris,client83@example.com,C00084,72.0,+21620000083,2025-01-28,Nour Trabelsi,P0014,Product 14,hardware,16.16
T000153,C00075,,115.53,cash,P0007,C00075,Nour,Trabelsi,client74@example.com,,sousse,53.0,2025-01-19,sousse,client74@example.com,C00075,53.0,+21620000074,2025-01-19,Nour Trabelsi,P0007,Product 7,software,12.05
T000154,C00142,2025-02-15,315.6,cash,P0028,C00142,Amine,Ben Ali,client141@example.com,+21620000141,tunis,61.0,2025-01-02,tunis,client141@example.com,C00142,61.0,+21620000141,2025-01-02,,P0028,Product 28,services,148.25
T000155,C00031,2025-02-15,283.71,cash,P0022,C00031,Lina,Trabelsi,client30@example.com,+21620000030,tunis,60.0,2025-01-03,tunis,client30@example.com,C00031,60.0,+21620000030,2025-01-03,,P0022,Product 22,software,29.36
T000156,C00048,2025-02-15,,transfer,P0010,C00048,Adam,Trabelsi,client47@example.com,+21620000047,paris,48.0,2025-01-20,paris,client47@example.com,C00048,48.0,+21620000047,2025-01-20,Adam Trabelsi,P0010,Product 10,services,123.16
T000157,C00121,2025-02-15,31.88,,P0017,C00121,Lina,Ben Ali,client120@example.com,+21620000120,sfax,25.0,2025-01-09,sfax,client120@example.com,C00121,25.0,+21620000120,2025-01-09,Lina Ben Ali,P0017,Product 17,hardware,155.56
T000158,C00134,2025-02-15,291.49,card,P0019,C00134,Youssef,Karoui,client133@example.com,+21620000133,sfax,62.0,2025-01-22,sfax,client133@example.com,C00134,62.0,+21620000133,2025-01-22,Youssef Karoui,P0019,Product 19,,168.41
T000159,C00024,2025-02-15,575.8,cash,P0015,C00024,Adam,Ben Ali,client23@example.com,+21620000023,,,2025-01-24,sousse,client23@example.com,C00024,41.0,+21620000023,2025-01-24,Adam Ben Ali,P0015,Product 15,services,161.19
T000160,C00102,2025-02-15,393.25,card,P0015,C00102,Amine,Karoui,client101@example.com,+21620000101,sousse,53.0,2025-01-18,sousse,client101@example.com,C00102,53.0,+21620000101,2025-01-18,,P0015,Product 15,services,161.19
T000161,C00073,2025-02-15,299.83,,P0002,C00073,Lina,Mansour,client72@example.com,+21620000072,sfax,54.0,2025-01-17,sfax,client72@example.com,C00073,54.0,+21620000072,,Lina Mansour,P0002,Product 2,hardware,
T000162,C00101,,70.86,card,P0014,C00101,Nour,Ben Ali,client100@example.com,+21620000100,tunis,47.0,2025-01-17,tunis,client100@example.com,C00101,47.0,+21620000100,2025-01-17,Nour Ben Ali,P0014,Product 14,hardware,16.16
T000163,C00192,2025-02-15,155.2,card,P0011,C00192,Youssef,Mansour,client191@example.com,+21620000191,paris,43.0,2025-01-24,paris,client191@example.com,C00192,43.0,+21620000191,2025-01-24,Youssef Mansour,P0011,Product 11,hardware,161.29
T000164,C00016,2025-02-15,180.39,transfer,P0025,C00016,Nour,Ben Ali,client15@example.com,+21620000015,sousse,54.0,2025-01-16,sousse,client15@example.com,C00016,54.0,+21620000015,2025-01-16,Nour Ben Ali,P0025,Product 25,software,127.85
T000165,C00200,2025-02-15,460.06,card,P0026,C00200,Adam,Ben Ali,client199@example.com,+21620000199,sousse,43.0,2025-01-04,sousse,client199@example.com,C00200,43.0,+21620000199,2025-01-04,Adam Ben Ali,P0026,Product 26,hardware,170.97
T000166,C00090,2025-02-15,526.64,cash,P0023,C00090,,Trabelsi,client89@example.com,+21620000089,sousse,62.0,2025-01-06,sousse,client89@example.com,C00090,62.0,+21620000089,2025-01-06,Nour Trabelsi,P0023,Product 23,hardware,103.38
T000167,C00155,2025-02-15,541.48,transfer,P0001,C00155,Lina,Karoui,client154@example.com,+21620000154,paris,49.0,2025-01-15,paris,client154@example.com,C00155,49.0,+21620000154,2025-01-15,Lina Karoui,P0001,Product 1,hardware,51.96
T000168,C00085,2025-02-15,590.82,transfer,P0026,C00085,Youssef,Trabelsi,client84@example.com,+21620000084,sfax,27.0,2025-01-01,sfax,client84@example.com,C00085,,+21620000084,2025-01-01,Youssef Trabelsi,P0026,Product 26,hardware,170.97
T000169,C00063,2025-02-15,589.51,cash,P0012,C00063,,Ben Ali,client62@example.com,+21620000062,sousse,20.0,2025-01-07,sousse,client62@example.com,C00063,20.0,,2025-01-07,Lina Ben Ali,P0012,Product 12,services,51.52
T000170,C00155,2025-02-15,572.03,card,P0013,C00155,Lina,Karoui,client154@example.com,+21620000154,paris,49.0,2025-01-15,paris,client154@example.com,C00155,49.0,+21620000154,2025-01-15,Lina Karoui,P0013,Product 13,services,170.63
T000171,C00138,2025-02-15,47.73,transfer,P0029,C00138,Samar,Ben Ali,client137@example.com,+21620000137,tunis,37.0,,tunis,client137@example.com,C00138,37.0,,2025-01-26,Samar Ben Ali,P0029,Product 29,services,42.64
T000172,C00029,2025-02-15,86.99,transfer,P0027,C00029,Youssef,Trabelsi,client28@example.com,+21620000028,tunis,46.0,2025-01-01,tunis,client28@example.com,C00029,46.0,+21620000028,2025-01-01,Youssef Trabelsi,P0027,Product 27,services,35.27
T000173,C00142,2025-02-15,186.16,cash,P0002,C00142,Amine,Ben Ali,client141@example.com,+21620000141,tunis,61.0,2025-01-02,tunis,client141@example.com,C00142,61.0,+21620000141,2025-01-02,,P0002,Product 2,hardware,
T000174,C00151,2025-02-15,333.97,card,P0011,C00151,Adam,Trabelsi,client150@example.com,+21620000150,paris,72.0,2025-01-11,paris,client150@example.com,C00151,72.0,+21620000150,2025-01-11,Adam Trabelsi,P0011,Product 11,hardware,161.29
T000175,C00078,2025-02-15,62.7,card,P0023,C00078,Amine,Hamdi,client77@example.com,+21620000077,tunis,22.0,2025-01-22,,client77@example.com,C00078,22.0,+21620000077,2025-01-22,Amine Hamdi,P0023,Product 23,hardware,103.38
T000176,C00186,2025-02-15,508.25,card,P0017,C00186,Lina,Mansour,client185@example.com,+21620000185,paris,51.0,2025-01-18,,client185@example.com,C00186,51.0,+21620000185,2025-01-18,Lina Mansour,P0017,Product 17,hardware,155.56
T000177,C00129,2025-02-15,371.97,card,P0008,C00129,Youssef,Mansour,client128@example.com,+21620000128,paris,45.0,2025-01-17,paris,client128@example.com,C00129,45.0,+21620000128,2025-01-17,Youssef Mansour,P0008,Product 8,hardware,6.06
T000178,C00067,2025-02-15,327.71,transfer,P0016,C00067,,Trabelsi,client66@example.com,,tunis,46.0,2025-01-11,tunis,client66@example.com,C00067,46.0,+21620000066,2025-01-11,Adam Trabelsi,P0016,Product 16,services,185.92
T000179,C00003,2025-02-15,103.36,card,P0026,C00003,,Trabelsi,client2@example.com,+21620000002,sfax,,2025-01-03,sfax,client2@example.com,C00003,,+21620000002,2025-01-03,Youssef Trabelsi,P0026,Product 26,hardware,170.97
T000180,C00135,2025-02-15,155.69,card,P0007,C00135,Nour,Trabelsi,client134@example.com,+21620000134,sousse,29.0,2025-01-23,sousse,client134@example.com,C00135,29.0,+21620000134,2025-01-23,Nour Trabelsi,P0007,Product 7,software,12.05
T000181,C00042,2025-02-15,100.39,transfer,P0023,C00042,Nour,,client41@example.com,+21620000041,sfax,70.0,2025-01-14,sfax,client41@example.com,C00042,70.0,+21620000041,2025-01-14,Nour Trabelsi,P0023,Product 23,hardware,103.38
T000182,C00152,2025-02-15,511.9,transfer,P0023,C00152,Amine,Mansour,client151@example.com,+21620000151,sfax,26.0,2025-01-12,sfax,client151@example.com,C00152,26.0,+21620000151,2025-01-12,Amine Mansour,P0023,Product 23,hardware,103.38
T000183,C00106,2025-02-15,,card,P0027,C00106,Nour,Mansour,client105@example.com,+21620000105,sfax,50.0,2025-01-22,sfax,,C00106,50.0,+21620000105,2025-01-22,Nour Mansour,P0027,Product 27,services,35.27
T000184,C00094,2025-02-15,442.4,cash,P0009,C00094,Lina,,client93@example.com,+21620000093,sousse,71.0,2025-01-10,sousse,client93@example.com,C00094,71.0,+21620000093,2025-01-10,Lina Ben Ali,P0009,Product 9,software,15.07
T000185,C00033,2025-02-15,181.14,cash,P0007,C00033,Samar,Mansour,client32@example.com,+21620000032,paris,42.0,2025-01-05,paris,client32@example.com,C00033,42.0,+21620000032,2025-01-05,Samar Mansour,P0007,Product 7,software,12.05
T000186,C00143,2025-02-15,,cash,P0017,C00143,Amine,Hamdi,client142@example.com,+21620000142,tunis,54.0,2025-01-03,tunis,client142@example.com,C00143,,+21620000142,2025-01-03,Amine Hamdi,P0017,Product 17,hardware,155.56
T000187,C00034,2025-02-15,245.89,transfer,P0016,C00034,Youssef,Hamdi,client33@example.com,+21620000033,tunis,39.0,2025-01-06,tunis,client33@example.com,C00034,39.0,+21620000033,,Youssef Hamdi,P0016,Product 16,services,185.92
T000188,C00084,2025-02-15,457.21,transfer,P0013,C00084,Nour,Trabelsi,client83@example.com,+21620000083,paris,72.0,2025-01-28,paris,client83@example.com,C00084,72.0,+21620000083,2025-01-28,Nour Trabelsi,P0013,Product 13,services,170.63
T000189,C00168,2025-02-15,464.55,transfer,P0024,C00168,Amine,Ben Ali,client167@example.com,+21620000167,tunis,45.0,2025-01-28,tunis,client167@example.com,C00168,45.0,,2025-01-28,Amine Ben Ali,P0024,Product 24,software,150.31
T000190,C00185,,128.05,card,P0024,C00185,Lina,Mansour,client184@example.com,+21620000184,sfax,45.0,2025-01-17,sfax,client184@example.com,C00185,45.0,+21620000184,2025-01-17,Lina Mansour,P0024,Product 24,software,150.31
T000191,C00198,2025-02-15,565.22,card,P0008,C00198,Samar,Mansour,client197@example.com,+21620000197,paris,44.0,2025-01-02,paris,client197@example.com,C00198,44.0,+21620000197,2025-01-02,Samar Mansour,P0008,Product 8,hardware,6.06
T000192,C00192,2025-02-15,76.79,cash,P0024,C00192,Youssef,Mansour,client191@example.com,+21620000191,paris,43.0,2025-01-24,paris,client191@example.com,C00192,43.0,+21620000191,2025-01-24,Youssef Mansour,P0024,Product 24,software,150.31
T000193,C00112,2025-02-15,538.19,card,P0007,C00112,Nour,Hamdi,client111@example.com,+21620000111,sousse,47.0,2025-01-28,sousse,client111@example.com,C00112,47.0,+21620000111,2025-01-28,Nour Hamdi,P0007,Product 7,software,12.05
T000194,C00041,2025-02-15,64.74,cash,P0013,C00041,Samar,Mansour,client40@example.com,+21620000040,paris,,2025-01-13,paris,,C00041,56.0,+21620000040,2025-01-13,Samar Mansour,P0013,Product 13,services,170.63
T000195,C00168,2025-02-15,162.4,card,P0001,C00168,Amine,Ben Ali,client167@example.com,+21620000167,tunis,45.0,2025-01-28,tunis,client167@example.com,C00168,45.0,,2025-01-28,Amine Ben Ali,P0001,Product 1,hardware,51.96
T000196,C00161,2025-02-15,508.65,transfer,P0011,C00161,Adam,Karoui,client160@example.com,+21620000160,sousse,28.0,2025-01-21,sousse,client160@example.com,C00161,28.0,+21620000160,,,P0011,Product 11,hardware,161.29
T000197,C00199,2025-02-15,111.8,card,P0029,C00199,Lina,Ben Ali,client198@example.com,+21620000198,sousse,35.0,2025-01-03,sousse,client198@example.com,C00199,35.0,+21620000198,2025-01-03,Lina Ben Ali,P0029,Product 29,services,42.64
T000198,C00131,2025-02-15,251.07,card,P0014,C00131,Youssef,Trabelsi,client130@example.com,+21620000130,,59.0,2025-01-19,sousse,client130@example.com,C00131,59.0,+21620000130,2025-01-19,Youssef Trabelsi,P0014,Product 14,hardware,16.16
T000199,C00029,2025-02-15,272.67,card,P0022,C00029,Youssef,Trabelsi,client28@example.com,+21620000028,tunis,46.0,2025-01-01,tunis,client28@example.com,C00029,46.0,+21620000028,2025-01-01,Youssef Trabelsi,P0022,Product 22,software,29.36
T000200,C00101,2025-02-15,150.93,card,P0004,C00101,Nour,Ben Ali,client100@example.com,+21620000100,tunis,47.0,2025-01-17,tunis,client100@example.com,C00101,47.0,+21620000100,2025-01-17,Nour Ben Ali,P0004,Product 4,services,43.65
T000201,C00090,2025-02-15,,cash,P0020,C00090,,Trabelsi,client89@example.com,+21620000089,sousse,62.0,2025-01-06,sousse,client89@example.com,C00090,62.0,+21620000089,2025-01-06,Nour Trabelsi,P0020,Product 20,services,12.83
T000202,C00169,2025-02-15,511.54,cash,P0012,C00169,Lina,Mansour,client168@example.com,+21620000168,sousse,25.0,2025-01-01,sousse,client168@example.com,C00169,25.0,+21620000168,2025-01-01,Lina Mansour,P0012,Product 12,services,51.52
T000203,C00079,2025-02-15,525.37,transfer,P0023,C00079,Youssef,Mansour,client78@example.com,+21620000078,sousse,47.0,2025-01-23,sousse,client78@example.com,C00079,47.0,,2025-01-23,Youssef Mansour,P0023,Product 23,hardware,103.38
T000204,C00066,2025-02-15,206.9,card,P0028,C00066,Amine,Trabelsi,client65@example.com,+21620000065,paris,57.0,2025-01-10,paris,client65@example.com,C00066,57.0,+21620000065,2025-01-10,Amine Trabelsi,P0028,Product 28,services,148.25
T000205,C00017,2025-02-15,320.86,cash,P0016,C00017,Youssef,Mansour,client16@example.com,+21620000016,paris,32.0,2025-01-17,paris,client16@example.com,C00017,32.0,+21620000016,2025-01-17,Youssef Mansour,P0016,Product 16,services,185.92
T000206,C00168,2025-02-15,152.8,cash,P0004,C00168,Amine,Ben Ali,client167@example.com,+21620000167,tunis,45.0,2025-01-28,tunis,client167@example.com,C00168,45.0,,2025-01-28,Amine Ben Ali,P0004,Product 4,services,43.65
T000207,C00152,2025-02-15,150.65,cash,P0015,C00152,Amine,Mansour,client151@example.com,+21620000151,sfax,26.0,2025-01-12,sfax,client151@example.com,C00152,26.0,+21620000151,2025-01-12,Amine Mansour,P0015,Product 15,services,161.19
T000208,C00009,2025-02-15,100.95,transfer,P0004,C00009,Amine,Ben Ali,,+21620000008,paris,73.0,2025-01-09,paris,client8@example.com,C00009,73.0,+21620000008,2025-01-09,Amine Ben Ali,P0004,Product 4,services,43.65
T000209,C00087,2025-02-15,564.31,card,P0014,C00087,Samar,Mansour,client86@example.com,+21620000086,sfax,41.0,2025-01-03,sfax,client86@example.com,C00087,41.0,+21620000086,2025-01-03,Samar Mansour,P0014,Product 14,hardware,16.16
T000210,C00096,2025-02-15,533.35,cash,P0002,C00096,Amine,Trabelsi,client95@example.com,+21620000095,sfax,32.0,2025-01-12,sfax,client95@example.com,C00096,32.0,+21620000095,2025-01-12,Amine Trabelsi,P0002,Product 2,hardware,
T000211,C00094,2025-02-15,467.53,transfer,P0020,C00094,Lina,,client93@example.com,+21620000093,sousse,71.0,2025-01-10,sousse,client93@example.com,C00094,71.0,+21620000093,2025-01-10,Lina Ben Ali,P0020,Product 20,services,12.83
T000212,C00184,2025-02-15,313.01,transfer,P0010,C00184,Nour,Ben Ali,client183@example.com,+21620000183,tunis,24.0,2025-01-16,tunis,client183@example.com,C00184,,+21620000183,2025-01-16,Nour Ben Ali,P0010,Product 10,services,123.16
T000213,C00031,2025-02-15,296.91,cash,P0007,C00031,Lina,Trabelsi,client30@example.com,+21620000030,tunis,60.0,2025-01-03,tunis,client30@example.com,C00031,60.0,+21620000030,2025-01-03,,P0007,Product 7,software,12.05
T000214,C00062,2025-02-15,320.2,cash,P0001,C00062,Nour,,client61@example.com,+21620000061,tunis,59.0,2025-01-06,tunis,client61@example.com,C00062,59.0,+21620000061,2025-01-06,Nour Mansour,P0001,Product 1,hardware,51.96
T000215,C00037,2025-02-15,324.26,transfer,P0027,C00037,Adam,Hamdi,client36@example.com,,sousse,31.0,2025-01-09,,client36@example.com,C00037,31.0,+21620000036,2025-01-09,Adam Hamdi,P0027,Product 27,services,35.27
T000216,C00049,2025-02-15,263.57,cash,P0026,C00049,Nour,Hamdi,client48@example.com,+21620000048,,72.0,2025-01-21,sousse,client48@example.com,C00049,72.0,+21620000048,2025-01-21,Nour Hamdi,P0026,Product 26,hardware,170.97
T000217,C00182,2025-02-15,83.39,transfer,P0025,C00182,Samar,Karoui,client181@example.com,+21620000181,paris,54.0,2025-01-14,paris,client181@example.com,C00182,,+21620000181,2025-01-14,Samar Karoui,P0025,Product 25,software,127.85
T000218,C00189,2025-02-15,79.77,card,P0002,C00189,Amine,Karoui,client188@example.com,+21620000188,paris,49.0,2025-01-21,,,C00189,49.0,+21620000188,2025-01-21,Amine Karoui,P0002,Product 2,hardware,
T000219,C00009,2025-02-15,571.59,cash,P0011,C00009,Amine,Ben Ali,,+21620000008,paris,73.0,2025-01-09,paris,client8@example.com,C00009,73.0,+21620000008,2025-01-09,Amine Ben Ali,P0011,Product 11,hardware,161.29
T000220,C00127,2025-02-15,291.81,card,P0030,C00127,Samar,Ben Ali,client126@example.com,+21620000126,paris,59.0,2025-01-15,paris,client126@example.com,C00127,59.0,+21620000126,2025-01-15,Samar Ben Ali,P0030,Product 30,hardware,57.8
T000221,C00047,2025-02-15,572.16,card,P0018,C00047,Lina,Hamdi,client46@example.com,+21620000046,sfax,44.0,2025-01-19,sfax,client46@example.com,C00047,44.0,+21620000046,2025-01-19,Lina Hamdi,P0018,Product 18,hardware,141.13
T000222,C00039,2025-02-15,,cash,P0004,C00039,Amine,Ben Ali,client38@example.com,+21620000038,tunis,,2025-01-11,tunis,client38@example.com,C00039,63.0,+21620000038,2025-01-11,Amine Ben Ali,P0004,Product 4,services,43.65
T000223,C00059,2025-02-15,334.88,card,P0005,C00059,Nour,Mansour,client58@example.com,+21620000058,paris,22.0,2025-01-03,paris,client58@example.com,C00059,22.0,+21620000058,2025-01-03,Nour Mansour,P0005,,services,182.57
T000224,C00039,2025-02-15,,cash,P0008,C00039,Amine,Ben Ali,client38@example.com,+21620000038,tunis,,2025-01-11,tunis,client38@example.com,C00039,63.0,+21620000038,2025-01-11,Amine Ben Ali,P0008,Product 8,hardware,6.06
T000225,C00099,2025-02-15,,,P0030,C00099,Youssef,Ben Ali,client98@example.com,+21620000098,paris,,2025-01-15,,,C00099,20.0,+21620000098,2025-01-15,Youssef Ben Ali,P0030,Product 30,hardware,57.8
T000226,C00200,2025-02-15,,cash,P0006,C00200,Adam,Ben Ali,client199@example.com,+21620000199,sousse,43.0,2025-01-04,sousse,client199@example.com,C00200,43.0,+21620000199,2025-01-04,Adam Ben Ali,P0006,Product 6,services,132.97
T000227,C00118,2025-02-15,75.78,transfer,P0028,C00118,Samar,Hamdi,client117@example.com,+21620000117,tunis,46.0,2025-01-06,tunis,client117@example.com,C00118,46.0,+21620000117,2025-01-06,Samar Hamdi,P0028,Product 28,services,148.25
T000228,C00145,2025-02-15,,transfer,P0021,C00145,Adam,Karoui,client144@example.com,+21620000144,paris,63.0,2025-01-05,paris,,C00145,63.0,+21620000144,2025-01-05,Adam Karoui,P0021,Product 21,hardware,44.35
T000229,C00099,2025-02-15,,cash,P0028,C00099,Youssef,Ben Ali,client98@example.com,+21620000098,paris,,2025-01-15,,,C00099,20.0,+21620000098,2025-01-15,Youssef Ben Ali,P0028,Product 28,services,148.25
T000230,C00003,2025-02-15,366.84,card,P0025,C00003,,Trabelsi,client2@example.com,+21620000002,sfax,,2025-01-03,sfax,client2@example.com,C00003,,+21620000002,2025-01-03,Youssef Trabelsi,P0025,Product 25,software,127.85
T000231,C00017,2025-02-15,281.68,transfer,P0010,C00017,Youssef,Mansour,client16@example.com,+21620000016,paris,32.0,2025-01-17,paris,client16@example.com,C00017,32.0,+21620000016,2025-01-17,Youssef Mansour,P0010,Product 10,services,123.16
T000232,C00054,2025-02-15,243.27,card,P0025,C00054,Lina,Ben Ali,client53@example.com,+21620000053,tunis,63.0,2025-01-26,tunis,client53@example.com,C00054,63.0,+21620000053,2025-01-26,Lina Ben Ali,P0025,Product 25,software,127.85
T000233,C00049,2025-02-15,321.47,cash,P0006,C00049,Nour,Hamdi,client48@example.com,+21620000048,,72.0,2025-01-21,sousse,client48@example.com,C00049,72.0,+21620000048,2025-01-21,Nour Hamdi,P0006,Product 6,services,132.97
T000234,C00169,2025-02-15,116.41,cash,P0009,C00169,Lina,Mansour,client168@example.com,+21620000168,sousse,25.0,2025-01-01,sousse,client168@example.com,C00169,25.0,+21620000168,2025-01-01,Lina Mansour,P0009,Product 9,software,15.07
T000235,C00169,2025-02-15,593.22,card,P0007,C00169,Lina,Mansour,client168@example.com,+21620000168,sousse,25.0,2025-01-01,sousse,client168@example.com,C00169,25.0,+21620000168,2025-01-01,Lina Mansour,P0007,Product 7,software,12.05
T000236,C00171,2025-02-15,491.89,cash,P0004,C00171,Samar,Ben Ali,client170@example.com,+21620000170,paris,55.0,2025-01-03,paris,client170@example.com,C00171,55.0,+21620000170,2025-01-03,Samar Ben Ali,P0004,Product 4,services,43.65
T000237,C00128,2025-02-15,446.26,card,P0003,C00128,Nour,Mansour,client127@example.com,+21620000127,tunis,22.0,2025-01-16,tunis,client127@example.com,C00128,22.0,+21620000127,2025-01-16,Nour Mansour,P0003,Product 3,software,156.47
T000238,C00112,2025-02-15,283.91,card,P0006,C00112,Nour,Hamdi,client111@example.com,+21620000111,sousse,47.0,2025-01-28,sousse,client111@example.com,C00112,47.0,+21620000111,2025-01-28,Nour Hamdi,P0006,Product 6,services,132.97
T000239,C00130,2025-02-15,95.96,cash,P0004,C00130,Youssef,Trabelsi,client129@example.com,+21620000129,paris,55.0,2025-01-18,paris,client129@example.com,C00130,55.0,+21620000129,2025-01-18,Youssef Trabelsi,P0004,Product 4,services,43.65
T000240,C00082,2025-02-15,552.8,card,P0012,C00082,Lina,Trabelsi,client81@example.com,+21620000081,paris,25.0,2025-01-26,paris,client81@example.com,C00082,25.0,+21620000081,2025-01-26,Lina Trabelsi,P0012,Product 12,services,51.52
T000241,C00135,2025-02-15,208.13,transfer,P0003,C00135,Nour,Trabelsi,client134@example.com,+21620000134,sousse,29.0,2025-01-23,sousse,client134@example.com,C00135,29.0,+21620000134,2025-01-23,Nour Trabelsi,P0003,Product 3,software,156.47
T000242,C00159,2025-02-15,,card,P0002,C00159,Youssef,Mansour,client158@example.com,+21620000158,paris,25.0,2025-01-19,paris,client158@example.com,C00159,25.0,+21620000158,2025-01-19,Youssef Mansour,P0002,Product 2,hardware,
T000243,C00153,2025-02-15,208.73,cash,P0030,C00153,Adam,Ben Ali,client152@example.com,+21620000152,paris,22.0,2025-01-13,paris,client152@example.com,C00153,22.0,+21620000152,2025-01-13,Adam Ben Ali,P0030,Product 30,hardware,57.8
T000244,C00123,2025-02-15,477.7,transfer,P0003,C00123,Youssef,Hamdi,client122@example.com,+21620000122,tunis,66.0,2025-01-11,tunis,client122@example.com,C00123,66.0,+21620000122,2025-01-11,Youssef Hamdi,P0003,Product 3,software,156.47
T000245,C00012,2025-02-15,375.51,card,P0003,C00012,Adam,Hamdi,client11@example.com,,tunis,44.0,2025-01-12,tunis,client11@example.com,C00012,44.0,+21620000011,,Adam Hamdi,P0003,Product 3,software,156.47
T000246,C00145,2025-02-15,451.75,transfer,P0001,C00145,Adam,Karoui,client144@example.com,+21620000144,paris,63.0,2025-01-05,paris,,C00145,63.0,+21620000144,2025-01-05,Adam Karoui,P0001,Product 1,hardware,51.96
T000247,C00074,2025-02-15,477.21,,P0004,C00074,Samar,Karoui,client73@example.com,+21620000073,sfax,23.0,2025-01-18,sfax,client73@example.com,C00074,23.0,+21620000073,,Samar Karoui,P0004,Product 4,services,43.65
T000248,C00149,2025-02-15,131.11,transfer,P0016,C00149,Nour,Mansour,client148@example.com,+21620000148,sousse,35.0,2025-01-09,sousse,client148@example.com,C00149,35.0,+21620000148,2025-01-09,Nour Mansour,P0016,Product 16,services,185.92
T000249,C00108,2025-02-15,,card,P0025,C00108,Youssef,Trabelsi,client107@example.com,+21620000107,tunis,50.0,2025-01-24,tunis,client107@example.com,C00108,50.0,+21620000107,2025-01-24,Youssef Trabelsi,P0025,Product 25,software,127.85
T000250,C00177,2025-02-15,265.6,transfer,P0023,C00177,Nour,Hamdi,client176@example.com,+21620000176,paris,42.0,2025-01-09,paris,client176@example.com,C00177,,+21620000176,2025-01-09,Nour Hamdi,P0023,Product 23,hardware,103.38
T000251,C00068,2025-02-15,385.21,transfer,P0018,C00068,Lina,Ben Ali,client67@example.com,,sousse,67.0,2025-01-12,sousse,client67@example.com,C00068,,+21620000067,2025-01-12,Lina Ben Ali,P0018,Product 18,hardware,141.13
T000252,C00187,2025-02-15,6.37,transfer,P0003,C00187,Samar,Mansour,client186@example.com,+21620000186,sousse,19.0,2025-01-19,sousse,client186@example.com,C00187,19.0,+21620000186,2025-01-19,Samar Mansour,P0003,Product 3,software,156.47
T000253,C00169,2025-02-15,596.05,card,P0024,C00169,Lina,Mansour,client168@example.com,+21620000168,sousse,25.0,2025-01-01,sousse,client168@example.com,C00169,25.0,+21620000168,2025-01-01,Lina Mansour,P0024,Product 24,software,150.31
T000254,C00067,2025-02-15,172.13,transfer,P0002,C00067,,Trabelsi,client66@example.com,,tunis,46.0,2025-01-11,tunis,client66@example.com,C00067,46.0,+21620000066,2025-01-11,Adam Trabelsi,P0002,Product 2,hardware,
T000255,C00097,2025-02-15,41.93,card,P0019,C00097,Amine,Karoui,client96@example.com,+21620000096,tunis,59.0,2025-01-13,tunis,client96@example.com,C00097,59.0,+21620000096,2025-01-13,Amine Karoui,P0019,Product 19,,168.41
T000256,C00107,2025-02-15,277.67,cash,P0013,C00107,Nour,Ben Ali,client106@example.com,+21620000106,sousse,18.0,2025-01-23,sousse,client106@example.com,C00107,18.0,+21620000106,2025-01-23,Nour Ben Ali,P0013,Product 13,services,170.63
T000257,C00154,2025-02-15,81.77,cash,P0027,C00154,Amine,Trabelsi,client153@example.com,+21620000153,sfax,71.0,2025-01-14,sfax,client153@example.com,C00154,71.0,+21620000153,2025-01-14,Amine Trabelsi,P0027,Product 27,services,35.27
T000258,C00138,2025-02-15,95.63,cash,P0010,C00138,Samar,Ben Ali,client137@example.com,+21620000137,tunis,37.0,,tunis,client137@example.com,C00138,37.0,,2025-01-26,Samar Ben Ali,P0010,Product 10,services,123.16
T000259,C00171,2025-02-15,381.21,cash,P0020,C00171,Samar,Ben Ali,client170@example.com,+21620000170,paris,55.0,2025-01-03,paris,client170@example.com,C00171,55.0,+21620000170,2025-01-03,Samar Ben Ali,P0020,Product 20,services,12.83
T000260,C00074,2025-02-15,238.79,card,P0014,C00074,Samar,Karoui,client73@example.com,+21620000073,sfax,23.0,2025-01-18,sfax,client73@example.com,C00074,23.0,+21620000073,,Samar Karoui,P0014,Product 14,hardware,16.16
T000261,C00101,2025-02-15,553.5,cash,P0016,C00101,Nour,Ben Ali,client100@example.com,+21620000100,tunis,47.0,2025-01-17,tunis,client100@example.com,C00101,47.0,+21620000100,2025-01-17,Nour Ben Ali,P0016,Product 16,services,185.92
T000262,C00087,2025-02-15,194.9,transfer,P0029,C00087,Samar,Mansour,client86@example.com,+21620000086,sfax,41.0,2025-01-03,sfax,client86@example.com,C00087,41.0,+21620000086,2025-01-03,Samar Mansour,P0029,Product 29,services,42.64
T000263,C00182,,437.08,cash,P0022,C00182,Samar,Karoui,client181@example.com,+21620000181,paris,54.0,2025-01-14,paris,client181@example.com,C00182,,+21620000181,2025-01-14,Samar Karoui,P0022,Product 22,software,29.36
T000264,C00061,2025-02-15,279.35,card,P0013,C00061,Adam,Hamdi,client60@example.com,+21620000060,sousse,28.0,2025-01-05,sousse,client60@example.com,C00061,28.0,+21620000060,2025-01-05,Adam Hamdi,P0013,Product 13,services,170.63
T000265,C00118,2025-02-15,397.67,transfer,P0014,C00118,Samar,Hamdi,client117@example.com,+21620000117,tunis,46.0,2025-01-06,tunis,client117@example.com,C00118,46.0,+21620000117,2025-01-06,Samar Hamdi,P0014,Product 14,hardware,16.16
T000266,C00025,2025-02-15,361.82,card,P0022,C00025,Nour,Hamdi,client24@example.com,+21620000024,sfax,52.0,2025-01-25,,client24@example.com,C00025,52.0,+21620000024,2025-01-25,Nour Hamdi,P0022,Product 22,software,29.36
T000267,C00171,2025-02-15,286.31,cash,P0011,C00171,Samar,Ben Ali,client170@example.com,+21620000170,paris,55.0,2025-01-03,paris,client170@example.com,C00171,55.0,+21620000170,2025-01-03,Samar Ben Ali,P0011,Product 11,hardware,161.29
T000268,C00077,2025-02-15,570.29,cash,P0006,C00077,Amine,Trabelsi,client76@example.com,+21620000076,paris,51.0,2025-01-21,,client76@example.com,C00077,51.0,+21620000076,2025-01-21,,P0006,Product 6,services,132.97
T000269,C00069,2025-02-15,208.91,cash,P0015,C00069,Samar,Hamdi,client68@example.com,+21620000068,tunis,70.0,2025-01-13,tunis,client68@example.com,C00069,70.0,+21620000068,2025-01-13,Samar Hamdi,P0015,Product 15,services,161.19
T000270,C00117,2025-02-15,110.46,transfer,P0003,C00117,Samar,Hamdi,client116@example.com,+21620000116,paris,,2025-01-05,paris,client116@example.com,C00117,47.0,+21620000116,2025-01-05,Samar Hamdi,P0003,Product 3,software,156.47
T000271,C00100,2025-02-15,408.47,cash,P0006,C00100,Samar,Mansour,client99@example.com,+21620000099,sfax,23.0,2025-01-16,sfax,client99@example.com,C00100,23.0,+21620000099,2025-01-16,Samar Mansour,P0006,Product 6,services,132.97
T000272,C00170,2025-02-15,508.37,transfer,P0013,C00170,Samar,Hamdi,client169@example.com,+21620000169,sousse,39.0,2025-01-02,sousse,client169@example.com,C00170,39.0,+21620000169,,Samar Hamdi,P0013,Product 13,services,170.63
T000273,C00107,2025-02-15,28.95,card,P0024,C00107,Nour,Ben Ali,client106@example.com,+21620000106,sousse,18.0,2025-01-23,sousse,client106@example.com,C00107,18.0,+21620000106,2025-01-23,Nour Ben Ali,P0024,Product 24,software,150.31
T000274,C00104,2025-02-15,,transfer,P0024,C00104,Samar,Karoui,client103@example.com,+21620000103,paris,27.0,2025-01-20,paris,client103@example.com,C00104,27.0,+21620000103,2025-01-20,Samar Karoui,P0024,Product 24,software,150.31
T000275,C00021,2025-02-15,536.03,cash,P0008,C00021,Youssef,Mansour,client20@example.com,+21620000020,,42.0,2025-01-21,paris,client20@example.com,C00021,42.0,,2025-01-21,Youssef Mansour,P0008,Product 8,hardware,6.06
T000276,C00005,2025-02-15,451.02,card,P0013,C00005,Lina,Trabelsi,client4@example.com,,sfax,65.0,2025-01-05,sfax,client4@example.com,C00005,65.0,,2025-01-05,Lina Trabelsi,P0013,Product 13,services,170.63
T000277,C00080,2025-02-15,595.13,card,P0005,C00080,Nour,Mansour,client79@example.com,+21620000079,tunis,71.0,2025-01-24,tunis,client79@example.com,C00080,71.0,+21620000079,2025-01-24,Nour Mansour,P0005,,services,182.57
T000278,C00200,2025-02-15,,transfer,P0023,C00200,Adam,Ben Ali,client199@example.com,+21620000199,sousse,43.0,2025-01-04,sousse,client199@example.com,C00200,43.0,+21620000199,2025-01-04,Adam Ben Ali,P0023,Product 23,hardware,103.38
T000279,C00184,2025-02-15,397.7,cash,P0008,C00184,Nour,Ben Ali,client183@example.com,+21620000183,tunis,24.0,2025-01-16,tunis,client183@example.com,C00184,,+21620000183,2025-01-16,Nour Ben Ali,P0008,Product 8,hardware,6.06
T000280,C00126,2025-02-15,184.98,cash,P0024,C00126,,Ben Ali,client125@example.com,+21620000125,sfax,24.0,2025-01-14,sfax,,C00126,24.0,+21620000125,2025-01-14,Youssef Ben Ali,P0024,Product 24,software,150.31
T000281,C00127,2025-02-15,568.78,card,P0026,C00127,Samar,Ben Ali,client126@example.com,+21620000126,paris,59.0,2025-01-15,paris,client126@example.com,C00127,59.0,+21620000126,2025-01-15,Samar Ben Ali,P0026,Product 26,hardware,170.97
T000282,C00079,2025-02-15,222.97,cash,P0021,C00079,Youssef,Mansour,client78@example.com,+21620000078,sousse,47.0,2025-01-23,sousse,client78@example.com,C00079,47.0,,2025-01-23,Youssef Mansour,P0021,Product 21,hardware,44.35
T000283,C00036,2025-02-15,444.41,transfer,P0010,C00036,Samar,Hamdi,client35@example.com,+21620000035,tunis,57.0,2025-01-08,tunis,client35@example.com,C00036,57.0,+21620000035,,Samar Hamdi,P0010,Product 10,services,123.16
T000284,C00002,2025-02-15,244.87,card,P0029,C00002,Nour,Karoui,,+21620000001,paris,62.0,2025-01-02,paris,,C00002,62.0,+21620000001,2025-01-02,Nour Karoui,P0029,Product 29,services,42.64
T000285,C00068,2025-02-15,339.28,cash,P0021,C00068,Lina,Ben Ali,client67@example.com,,sousse,67.0,2025-01-12,sousse,client67@example.com,C00068,,+21620000067,2025-01-12,Lina Ben Ali,P0021,Product 21,hardware,44.35
T000286,C00064,2025-02-15,433.27,cash,P0020,C00064,Adam,Karoui,client63@example.com,+21620000063,sfax,,2025-01-08,sfax,client63@example.com,C00064,29.0,+21620000063,2025-01-08,Adam Karoui,P0020,Product 20,services,12.83
T000287,C00039,2025-02-15,307.82,transfer,P0026,C00039,Amine,Ben Ali,client38@example.com,+21620000038,tunis,,2025-01-11,tunis,client38@example.com,C00039,63.0,+21620000038,2025-01-11,Amine Ben Ali,P0026,Product 26,hardware,170.97
T000288,C00052,2025-02-15,544.72,card,P0027,C00052,Amine,Trabelsi,client51@example.com,,paris,55.0,2025-01-24,paris,client51@example.com,C00052,55.0,+21620000051,2025-01-24,Amine Trabelsi,P0027,Product 27,services,35.27
T000289,C00005,2025-02-15,254.48,cash,P0003,C00005,Lina,Trabelsi,client4@example.com,,sfax,65.0,2025-01-05,sfax,client4@example.com,C00005,65.0,,2025-01-05,Lina Trabelsi,P0003,Product 3,software,156.47
T000290,C00122,2025-02-15,390.01,transfer,P0027,C00122,Nour,Mansour,client121@example.com,+21620000121,tunis,71.0,2025-01-10,,client121@example.com,C00122,71.0,+21620000121,2025-01-10,Nour Mansour,P0027,Product 27,services,35.27
T000291,C00186,2025-02-15,208.71,card,P0023,C00186,Lina,Mansour,client185@example.com,+21620000185,paris,51.0,2025-01-18,,client185@example.com,C00186,51.0,+21620000185,2025-01-18,Lina Mansour,P0023,Product 23,hardware,103.38
T000292,C00139,2025-02-15,247.85,transfer,P0007,C00139,Lina,Ben Ali,client138@example.com,+21620000138,sousse,60.0,2025-01-27,sousse,client138@example.com,C00139,60.0,+21620000138,2025-01-27,Lina Ben Ali,P0007,Product 7,software,12.05
T000293,C00090,2025-02-15,266.83,transfer,P0010,C00090,,Trabelsi,client89@example.com,+21620000089,sousse,62.0,2025-01-06,sousse,client89@example.com,C00090,62.0,+21620000089,2025-01-06,Nour Trabelsi,P0010,Product 10,services,123.16
T000294,C00085,2025-02-15,79.86,transfer,P0023,C00085,Youssef,Trabelsi,client84@example.com,+21620000084,sfax,27.0,2025-01-01,sfax,client84@example.com,C00085,,+21620000084,2025-01-01,Youssef Trabelsi,P0023,Product 23,hardware,103.38
T000295,C00062,,59.58,cash,P0007,C00062,Nour,,client61@example.com,+21620000061,tunis,59.0,2025-01-06,tunis,client61@example.com,C00062,59.0,+21620000061,2025-01-06,Nour Mansour,P0007,Product 7,software,12.05
T000296,C00029,2025-02-15,402.16,transfer,P0014,C00029,Youssef,Trabelsi,client28@example.com,+21620000028,tunis,46.0,2025-01-01,tunis,client28@example.com,C00029,46.0,+21620000028,2025-01-01,Youssef Trabelsi,P0014,Product 14,hardware,16.16
T000297,C00120,2025-02-15,395.03,transfer,P0021,C00120,Samar,Hamdi,client119@example.com,+21620000119,sousse,52.0,2025-01-08,,client119@example.com,C00120,52.0,+21620000119,2025-01-08,Samar Hamdi,P0021,Product 21,hardware,44.35
T000298,C00114,2025-02-15,399.43,,P0020,C00114,Lina,Ben Ali,client113@example.com,+21620000113,paris,61.0,2025-01-02,paris,client113@example.com,C00114,,+21620000113,2025-01-02,Lina Ben Ali,P0020,Product 20,services,12.83
T000299,C00002,2025-02-15,16.76,cash,P0028,C00002,Nour,Karoui,,+21620000001,paris,62.0,2025-01-02,paris,,C00002,62.0,+21620000001,2025-01-02,Nour Karoui,P0028,Product 28,services,148.25
T000300,C00084,2025-02-15,199.3,cash,P0004,C00084,Nour,Trabelsi,client83@example.com,+21620000083,paris,72.0,2025-01-28,paris,client83@example.com,C00084,72.0,+21620000083,2025-01-28,Nour Trabelsi,P0004,Product 4,services,43.65
T000301,C00056,2025-02-15,122.7,cash,P0009,C00056,Samar,Mansour,client55@example.com,+21620000055,sousse,48.0,2025-01-28,sousse,client55@example.com,C00056,48.0,+21620000055,2025-01-28,Samar Mansour,P0009,Product 9,software,15.07
T000302,C00035,2025-02-15,468.0,card,P0030,C00035,Adam,Trabelsi,client34@example.com,+21620000034,sfax,28.0,2025-01-07,sfax,client34@example.com,C00035,28.0,+21620000034,2025-01-07,Adam Trabelsi,P0030,Product 30,hardware,57.8
T000303,C00141,2025-02-15,517.08,transfer,P0018,C00141,Adam,Hamdi,client140@example.com,,sousse,64.0,2025-01-01,sousse,client140@example.com,C00141,64.0,+21620000140,2025-01-01,Adam Hamdi,P0018,Product 18,hardware,141.13
T000304,C00106,2025-02-15,151.77,transfer,P0008,C00106,Nour,Mansour,client105@example.com,+21620000105,sfax,50.0,2025-01-22,sfax,,C00106,50.0,+21620000105,2025-01-22,Nour Mansour,P0008,Product 8,hardware,6.06
T000305,C00127,,402.37,cash,P0009,C00127,Samar,Ben Ali,client126@example.com,+21620000126,paris,59.0,2025-01-15,paris,client126@example.com,C00127,59.0,+21620000126,2025-01-15,Samar Ben Ali,P0009,Product 9,software,15.07
T000306,C00143,2025-02-15,81.97,card,P0011,C00143,Amine,Hamdi,client142@example.com,+21620000142,tunis,54.0,2025-01-03,tunis,client142@example.com,C00143,,+21620000142,2025-01-03,Amine Hamdi,P0011,Product 11,hardware,161.29
T000307,C00197,2025-02-15,168.72,cash,P0017,C00197,Lina,Mansour,client196@example.com,+21620000196,sousse,73.0,2025-01-01,sousse,client196@example.com,C00197,73.0,+21620000196,2025-01-01,Lina Mansour,P0017,Product 17,hardware,155.56
T000308,C00161,2025-02-15,87.5,cash,P0009,C00161,Adam,Karoui,client160@example.com,+21620000160,sousse,28.0,2025-01-21,sousse,client160@example.com,C00161,28.0,+21620000160,,,P0009,Product 9,software,15.07
T000309,C00125,2025-02-15,173.69,cash,P0019,C00125,Adam,Karoui,,+21620000124,sfax,62.0,2025-01-13,sfax,client124@example.com,C00125,62.0,+21620000124,2025-01-13,Adam Karoui,P0019,Product 19,,168.41
T000310,C00176,2025-02-15,406.47,,P0014,C00176,Lina,Mansour,client175@example.com,+21620000175,sfax,72.0,2025-01-08,sfax,client175@example.com,C00176,72.0,+21620000175,2025-01-08,,P0014,Product 14,hardware,16.16
T000311,C00096,2025-02-15,546.64,transfer,P0019,C00096,Amine,Trabelsi,client95@example.com,+21620000095,sfax,32.0,2025-01-12,sfax,client95@example.com,C00096,32.0,+21620000095,2025-01-12,Amine Trabelsi,P0019,Product 19,,168.41
T000312,C00197,2025-02-15,125.5,transfer,P0005,C00197,Lina,Mansour,client196@example.com,+21620000196,sousse,73.0,2025-01-01,sousse,client196@example.com,C00197,73.0,+21620000196,2025-01-01,Lina Mansour,P0005,,services,182.57
T000313,C00153,2025-02-15,327.54,transfer,P0019,C00153,Adam,Ben Ali,client152@example.com,+21620000152,paris,22.0,2025-01-13,paris,client152@example.com,C00153,22.0,+21620000152,2025-01-13,Adam Ben Ali,P0019,Product 19,,168.41
T000314,C00131,2025-02-15,422.33,transfer,P0028,C00131,Youssef,Trabelsi,client130@example.com,+21620000130,,59.0,2025-01-19,sousse,client130@example.com,C00131,59.0,+21620000130,2025-01-19,Youssef Trabelsi,P0028,Product 28,services,148.25
T000315,C00181,2025-02-15,571.99,,P0005,C00181,Adam,Mansour,,+21620000180,tunis,68.0,,tunis,client180@example.com,C00181,68.0,+21620000180,2025-01-13,Adam Mansour,P0005,,services,182.57
T000316,C00104,2025-02-15,367.99,cash,P0010,C00104,Samar,Karoui,client103@example.com,+21620000103,paris,27.0,2025-01-20,paris,client103@example.com,C00104,27.0,+21620000103,2025-01-20,Samar Karoui,P0010,Product 10,services,123.16
T000317,C00145,2025-02-15,156.79,cash,P0021,C00145,Adam,Karoui,client144@example.com,+21620000144,paris,63.0,2025-01-05,paris,,C00145,63.0,+21620000144,2025-01-05,Adam Karoui,P0021,Product 21,hardware,44.35
T000318,C00057,2025-02-15,377.16,cash,P0019,C00057,Youssef,,client56@example.com,+21620000056,tunis,61.0,,tunis,client56@example.com,C00057,61.0,+21620000056,2025-01-01,Youssef Hamdi,P0019,Product 19,,168.41
T000319,C00193,2025-02-15,195.69,transfer,P0021,C00193,Youssef,Ben Ali,client192@example.com,+21620000192,tunis,59.0,2025-01-25,tunis,client192@example.com,C00193,59.0,+21620000192,,Youssef Ben Ali,P0021,Product 21,hardware,44.35
T000320,C00125,2025-02-15,585.8,cash,P0017,C00125,Adam,Karoui,,+21620000124,sfax,62.0,2025-01-13,sfax,client124@example.com,C00125,62.0,+21620000124,2025-01-13,Adam Karoui,P0017,Product 17,hardware,155.56
T000321,C00157,2025-02-15,242.81,cash,P0021,C00157,Samar,Mansour,client156@example.com,+21620000156,sousse,60.0,2025-01-17,sousse,client156@example.com,C00157,60.0,+21620000156,2025-01-17,Samar Mansour,P0021,Product 21,hardware,44.35
T000322,C00093,2025-02-15,412.83,card,P0019,C00093,Adam,,client92@example.com,+21620000092,paris,71.0,,paris,client92@example.com,C00093,71.0,+21620000092,2025-01-09,Adam Karoui,P0019,Product 19,,168.41
T000323,C00174,2025-02-15,18.82,transfer,P0003,C00174,Nour,Ben Ali,client173@example.com,+21620000173,tunis,58.0,,tunis,client173@example.com,C00174,58.0,+21620000173,2025-01-06,Nour Ben Ali,P0003,Product 3,software,156.47
T000324,C00015,2025-02-15,243.04,cash,P0023,C00015,Nour,Hamdi,client14@example.com,+21620000014,tunis,57.0,2025-01-15,tunis,client14@example.com,C00015,57.0,+21620000014,2025-01-15,Nour Hamdi,P0023,Product 23,hardware,103.38
T000325,C00023,2025-02-15,525.69,cash,P0014,C00023,Amine,Hamdi,client22@example.com,,paris,27.0,,paris,client22@example.com,C00023,27.0,+21620000022,2025-01-23,Amine Hamdi,P0014,Product 14,hardware,16.16
T000326,C00102,2025-02-15,368.09,cash,P0002,C00102,Amine,Karoui,client101@example.com,+21620000101,sousse,53.0,2025-01-18,sousse,client101@example.com,C00102,53.0,+21620000101,2025-01-18,,P0002,Product 2,hardware,
T000327,C00147,,269.15,card,P0013,C00147,,Karoui,client146@example.com,+21620000146,sfax,48.0,2025-01-07,sfax,client146@example.com,C00147,48.0,+21620000146,2025-01-07,Samar Karoui,P0013,Product 13,services,170.63
T000328,C00162,2025-02-15,561.88,cash,P0014,C00162,Youssef,Karoui,client161@example.com,+21620000161,tunis,49.0,2025-01-22,tunis,client161@example.com,C00162,49.0,+21620000161,2025-01-22,Youssef Karoui,P0014,Product 14,hardware,16.16
T000329,C00089,2025-02-15,513.12,transfer,P0003,C00089,Nour,Trabelsi,,+21620000088,paris,43.0,2025-01-05,paris,client88@example.com,C00089,43.0,+21620000088,2025-01-05,Nour Trabelsi,P0003,Product 3,software,156.47
T000330,C00130,2025-02-15,196.72,cash,P0030,C00130,Youssef,Trabelsi,client129@example.com,+21620000129,paris,55.0,2025-01-18,paris,client129@example.com,C00130,55.0,+21620000129,2025-01-18,Youssef Trabelsi,P0030,Product 30,hardware,57.8
T000331,C00111,2025-02-15,,card,P0007,C00111,Amine,Hamdi,client110@example.com,+21620000110,paris,56.0,2025-01-27,paris,client110@example.com,C00111,56.0,+21620000110,2025-01-27,Amine Hamdi,P0007,Product 7,software,12.05
T000332,C00193,2025-02-15,296.45,cash,P0010,C00193,Youssef,Ben Ali,client192@example.com,+21620000192,tunis,59.0,2025-01-25,tunis,client192@example.com,C00193,59.0,+21620000192,,Youssef Ben Ali,P0010,Product 10,services,123.16
T000333,C00131,2025-02-15,381.16,card,P0014,C00131,Youssef,Trabelsi,client130@example.com,+21620000130,,59.0,2025-01-19,sousse,client130@example.com,C00131,59.0,+21620000130,2025-01-19,Youssef Trabelsi,P0014,Product 14,hardware,16.16
T000334,C00084,2025-02-15,203.8,,P0025,C00084,Nour,Trabelsi,client83@example.com,+21620000083,paris,72.0,2025-01-28,paris,client83@example.com,C00084,72.0,+21620000083,2025-01-28,Nour Trabelsi,P0025,Product 25,software,127.85
T000335,C00194,2025-02-15,150.3,cash,P0023,C00194,Lina,Trabelsi,client193@example.com,+21620000193,paris,65.0,2025-01-26,paris,client193@example.com,C00194,65.0,+21620000193,2025-01-26,Lina Trabelsi,P0023,Product 23,hardware,103.38
T000336,C00022,2025-02-15,548.04,card,P0024,C00022,,Trabelsi,client21@example.com,+21620000021,sousse,45.0,2025-01-22,sousse,client21@example.com,C00022,45.0,+21620000021,2025-01-22,Lina Trabelsi,P0024,Product 24,software,150.31
T000337,C00197,2025-02-15,554.71,transfer,P0008,C00197,Lina,Mansour,client196@example.com,+21620000196,sousse,73.0,2025-01-01,sousse,client196@example.com,C00197,73.0,+21620000196,2025-01-01,Lina Mansour,P0008,Product 8,hardware,6.06
T000338,C00031,2025-02-15,506.78,,P0026,C00031,Lina,Trabelsi,client30@example.com,+21620000030,tunis,60.0,2025-01-03,tunis,client30@example.com,C00031,60.0,+21620000030,2025-01-03,,P0026,Product 26,hardware,170.97
T000339,C00058,2025-02-15,587.03,transfer,P0025,C00058,Samar,Mansour,client57@example.com,+21620000057,sousse,54.0,2025-01-02,sousse,client57@example.com,C00058,54.0,+21620000057,2025-01-02,Samar Mansour,P0025,Product 25,software,127.85
T000340,C00165,2025-02-15,448.27,transfer,P0014,C00165,Lina,Mansour,client164@example.com,+21620000164,paris,38.0,2025-01-25,paris,client164@example.com,C00165,38.0,+21620000164,2025-01-25,Lina Mansour,P0014,Product 14,hardware,16.16
T000341,C00147,2025-02-15,459.98,card,P0017,C00147,,Karoui,client146@example.com,+21620000146,sfax,48.0,2025-01-07,sfax,client146@example.com,C00147,48.0,+21620000146,2025-01-07,Samar Karoui,P0017,Product 17,hardware,155.56
T000342,C00195,2025-02-15,,cash,P0002,C00195,Adam,Hamdi,client194@example.com,+21620000194,sfax,42.0,2025-01-27,sfax,client194@example.com,C00195,42.0,+21620000194,2025-01-27,Adam Hamdi,P0002,Product 2,hardware,
T000343,C00150,2025-02-15,290.96,card,P0023,C00150,Samar,Mansour,client149@example.com,+21620000149,sousse,26.0,2025-01-10,sousse,client149@example.com,C00150,26.0,,2025-01-10,,P0023,Product 23,hardware,103.38
T000344,C00128,2025-02-15,276.59,card,P0029,C00128,Nour,Mansour,client127@example.com,+21620000127,tunis,22.0,2025-01-16,tunis,client127@example.com,C00128,22.0,+21620000127,2025-01-16,Nour Mansour,P0029,Product 29,services,42.64
T000345,C00070,2025-02-15,147.93,transfer,P0015,C00070,Lina,Trabelsi,,+21620000069,paris,25.0,2025-01-14,paris,client69@example.com,C00070,25.0,+21620000069,2025-01-14,Lina Trabelsi,P0015,Product 15,services,161.19
T000346,C00001,2025-02-15,388.67,transfer,P0017,C00001,Samar,,client0@example.com,+21620000000,paris,53.0,2025-01-01,paris,client0@example.com,C00001,53.0,+21620000000,2025-01-01,,P0017,Product 17,hardware,155.56
T000347,C00025,,177.15,card,P0015,C00025,Nour,Hamdi,client24@example.com,+21620000024,sfax,52.0,2025-01-25,,client24@example.com,C00025,52.0,+21620000024,2025-01-25,Nour Hamdi,P0015,Product 15,services,161.19
T000348,C00060,2025-02-15,158.4,card,P0003,C00060,Nour,Trabelsi,client59@example.com,+21620000059,tunis,34.0,2025-01-04,tunis,client59@example.com,C00060,34.0,+21620000059,2025-01-04,,P0003,Product 3,software,156.47
T000349,C00009,2025-02-15,353.65,card,P0019,C00009,Amine,Ben Ali,,+21620000008,paris,73.0,2025-01-09,paris,client8@example.com,C00009,73.0,+21620000008,2025-01-09,Amine Ben Ali,P0019,Product 19,,168.41
T000350,C00102,2025-02-15,248.94,cash,P0022,C00102,Amine,Karoui,client101@example.com,+21620000101,sousse,53.0,2025-01-18,sousse,client101@example.com,C00102,53.0,+21620000101,2025-01-18,,P0022,Product 22,software,29.36
T000351,C00156,2025-02-15,135.22,card,P0028,C00156,Youssef,Karoui,client155@example.com,+21620000155,sousse,42.0,2025-01-16,sousse,client155@example.com,C00156,42.0,+21620000155,2025-01-16,Youssef Karoui,P0028,Product 28,services,148.25
T000352,C00193,2025-02-15,490.55,card,P0028,C00193,Youssef,Ben Ali,client192@example.com,+21620000192,tunis,59.0,2025-01-25,tunis,client192@example.com,C00193,59.0,+21620000192,,Youssef Ben Ali,P0028,Product 28,services,148.25
T000353,C00098,,517.04,cash,P0015,C00098,Nour,Trabelsi,client97@example.com,+21620000097,sfax,51.0,2025-01-14,sfax,client97@example.com,C00098,51.0,+21620000097,,Nour Trabelsi,P0015,Product 15,services,161.19
T000354,C00176,2025-02-15,104.78,card,P0029,C00176,Lina,Mansour,client175@example.com,+21620000175,sfax,72.0,2025-01-08,sfax,client175@example.com,C00176,72.0,+21620000175,2025-01-08,,P0029,Product 29,services,42.64
T000355,C00198,2025-02-15,9.47,transfer,P0016,C00198,Samar,Mansour,client197@example.com,+21620000197,paris,44.0,2025-01-02,paris,client197@example.com,C00198,44.0,+21620000197,2025-01-02,Samar Mansour,P0016,Product 16,services,185.92
T000356,C00172,2025-02-15,,transfer,P0020,C00172,Samar,Hamdi,client171@example.com,+21620000171,sfax,74.0,2025-01-04,sfax,client171@example.com,C00172,74.0,+21620000171,2025-01-04,Samar Hamdi,P0020,Product 20,services,12.83
T000357,C00093,2025-02-15,479.52,transfer,P0019,C00093,Adam,,client92@example.com,+21620000092,paris,71.0,,paris,client92@example.com,C00093,71.0,+21620000092,2025-01-09,Adam Karoui,P0019,Product 19,,168.41
T000358,C00066,2025-02-15,504.31,card,P0030,C00066,Amine,Trabelsi,client65@example.com,+21620000065,paris,57.0,2025-01-10,paris,client65@example.com,C00066,57.0,+21620000065,2025-01-10,Amine Trabelsi,P0030,Product 30,hardware,57.8
T000359,C00196,,87.31,,P0023,C00196,Samar,Karoui,client195@example.com,+21620000195,paris,34.0,2025-01-28,paris,client195@example.com,C00196,34.0,+21620000195,2025-01-28,Samar Karoui,P0023,Product 23,hardware,103.38
T000360,C00049,2025-02-15,465.73,transfer,P0004,C00049,Nour,Hamdi,client48@example.com,+21620000048,,72.0,2025-01-21,sousse,client48@example.com,C00049,72.0,+21620000048,2025-01-21,Nour Hamdi,P0004,Product 4,services,43.65
T000361,C00083,2025-02-15,73.84,card,P0003,C00083,Samar,Hamdi,client82@example.com,+21620000082,sfax,,2025-01-27,sfax,client82@example.com,C00083,72.0,+21620000082,2025-01-27,Samar Hamdi,P0003,Product 3,software,156.47
T000362,C00015,2025-02-15,237.09,transfer,P0013,C00015,Nour,Hamdi,client14@example.com,+21620000014,tunis,57.0,2025-01-15,tunis,client14@example.com,C00015,57.0,+21620000014,2025-01-15,Nour Hamdi,P0013,Product 13,services,170.63
T000363,C00159,2025-02-15,599.17,cash,P0016,C00159,Youssef,Mansour,client158@example.com,+21620000158,paris,25.0,2025-01-19,paris,client158@example.com,C00159,25.0,+21620000158,2025-01-19,Youssef Mansour,P0016,Product 16,services,185.92
T000364,C00130,2025-02-15,119.59,transfer,P0021,C00130,Youssef,Trabelsi,client129@example.com,+21620000129,paris,55.0,2025-01-18,paris,client129@example.com,C00130,55.0,+21620000129,2025-01-18,Youssef Trabelsi,P0021,Product 21,hardware,44.35
T000365,C00017,2025-02-15,96.61,cash,P0015,C00017,Youssef,Mansour,client16@example.com,+21620000016,paris,32.0,2025-01-17,paris,client16@example.com,C00017,32.0,+21620000016,2025-01-17,Youssef Mansour,P0015,Product 15,services,161.19
T000366,C00045,2025-02-15,256.57,transfer,P0016,C00045,Samar,Hamdi,client44@example.com,+21620000044,sousse,61.0,2025-01-17,sousse,client44@example.com,C00045,,,2025-01-17,Samar Hamdi,P0016,Product 16,services,185.92
T000367,C00112,2025-02-15,373.7,card,P0028,C00112,Nour,Hamdi,client111@example.com,+21620000111,sousse,47.0,2025-01-28,sousse,client111@example.com,C00112,47.0,+21620000111,2025-01-28,Nour Hamdi,P0028,Product 28,services,148.25
T000368,C00109,2025-02-15,560.08,cash,P0011,C00109,Lina,Ben Ali,client108@example.com,,sfax,45.0,2025-01-25,sfax,client108@example.com,C00109,45.0,+21620000108,2025-01-25,Lina Ben Ali,P0011,Product 11,hardware,161.29
T000369,C00161,2025-02-15,588.59,card,P0015,C00161,Adam,Karoui,client160@example.com,+21620000160,sousse,28.0,2025-01-21,sousse,client160@example.com,C00161,28.0,+21620000160,,,P0015,Product 15,services,161.19
T000370,C00054,2025-02-15,46.44,card,P0017,C00054,Lina,Ben Ali,client53@example.com,+21620000053,tunis,63.0,2025-01-26,tunis,client53@example.com,C00054,63.0,+21620000053,2025-01-26,Lina Ben Ali,P0017,Product 17,hardware,155.56
T000371,C00185,2025-02-15,87.11,card,P0015,C00185,Lina,Mansour,client184@example.com,+21620000184,sfax,45.0,2025-01-17,sfax,client184@example.com,C00185,45.0,+21620000184,2025-01-17,Lina Mansour,P0015,Product 15,services,161.19
T000372,C00089,2025-02-15,475.49,cash,P0030,C00089,Nour,Trabelsi,,+21620000088,paris,43.0,2025-01-05,paris,client88@example.com,C00089,43.0,+21620000088,2025-01-05,Nour Trabelsi,P0030,Product 30,hardware,57.8
T000373,C00165,2025-02-15,166.03,card,P0029,C00165,Lina,Mansour,client164@example.com,+21620000164,paris,38.0,2025-01-25,paris,client164@example.com,C00165,38.0,+21620000164,2025-01-25,Lina Mansour,P0029,Product 29,services,42.64
T000374,C00048,2025-02-15,531.49,transfer,P0016,C00048,Adam,Trabelsi,client47@example.com,+21620000047,paris,48.0,2025-01-20,paris,client47@example.com,C00048,48.0,+21620000047,2025-01-20,Adam Trabelsi,P0016,Product 16,services,185.92
T000375,C00008,2025-02-15,399.75,cash,P0014,C00008,Nour,Karoui,client7@example.com,+21620000007,,47.0,2025-01-08,tunis,client7@example.com,C00008,47.0,+21620000007,2025-01-08,Nour Karoui,P0014,Product 14,hardware,16.16
T000376,C00012,2025-02-15,71.55,transfer,P0018,C00012,Adam,Hamdi,client11@example.com,,tunis,44.0,2025-01-12,tunis,client11@example.com,C00012,44.0,+21620000011,,Adam Hamdi,P0018,Product 18,hardware,141.13
T000377,C00075,2025-02-15,500.35,transfer,P0006,C00075,Nour,Trabelsi,client74@example.com,,sousse,53.0,2025-01-19,sousse,client74@example.com,C00075,53.0,+21620000074,2025-01-19,Nour Trabelsi,P0006,Product 6,services,132.97
T000378,C00191,2025-02-15,109.93,card,P0013,C00191,Nour,Hamdi,client190@example.com,+21620000190,paris,23.0,2025-01-23,paris,client190@example.com,C00191,23.0,+21620000190,2025-01-23,Nour Hamdi,P0013,Product 13,services,170.63
T000379,C00010,2025-02-15,,card,P0007,C00010,Samar,Hamdi,client9@example.com,+21620000009,tunis,66.0,,tunis,client9@example.com,C00010,66.0,+21620000009,2025-01-10,Samar Hamdi,P0007,Product 7,software,12.05
T000380,C00074,2025-02-15,333.55,cash,P0005,C00074,Samar,Karoui,client73@example.com,+21620000073,sfax,23.0,2025-01-18,sfax,client73@example.com,C00074,23.0,+21620000073,,Samar Karoui,P0005,,services,182.57
T000381,C00022,2025-02-15,302.96,cash,P0003,C00022,,Trabelsi,client21@example.com,+21620000021,sousse,45.0,2025-01-22,sousse,client21@example.com,C00022,45.0,+21620000021,2025-01-22,Lina Trabelsi,P0003,Product 3,software,156.47
T000382,C00187,2025-02-15,413.27,card,P0018,C00187,Samar,Mansour,client186@example.com,+21620000186,sousse,19.0,2025-01-19,sousse,client186@example.com,C00187,19.0,+21620000186,2025-01-19,Samar Mansour,P0018,Product 18,hardware,141.13
T000383,C00136,2025-02-15,393.35,transfer,P0001,C00136,Amine,Karoui,client135@example.com,+21620000135,tunis,56.0,2025-01-24,tunis,client135@example.com,C00136,56.0,+21620000135,2025-01-24,Amine Karoui,P0001,Product 1,hardware,51.96
T000384,C00153,2025-02-15,595.26,cash,P0020,C00153,Adam,Ben Ali,client152@example.com,+21620000152,paris,22.0,2025-01-13,paris,client152@example.com,C00153,22.0,+21620000152,2025-01-13,Adam Ben Ali,P0020,Product 20,services,12.83
T000385,C00143,2025-02-15,599.66,transfer,P0013,C00143,Amine,Hamdi,client142@example.com,+21620000142,tunis,54.0,2025-01-03,tunis,client142@example.com,C00143,,+21620000142,2025-01-03,Amine Hamdi,P0013,Product 13,services,170.63
T000386,C00132,2025-02-15,312.29,card,P0011,C00132,Youssef,Ben Ali,client131@example.com,+21620000131,tunis,41.0,,tunis,client131@example.com,C00132,41.0,+21620000131,2025-01-20,Youssef Ben Ali,P0011,Product 11,hardware,161.29
T000387,C00155,,61.64,transfer,P0024,C00155,Lina,Karoui,client154@example.com,+21620000154,paris,49.0,2025-01-15,paris,client154@example.com,C00155,49.0,+21620000154,2025-01-15,Lina Karoui,P0024,Product 24,software,150.31
T000388,C00002,2025-02-15,438.07,card,P0017,C00002,Nour,Karoui,,+21620000001,paris,62.0,2025-01-02,paris,,C00002,62.0,+21620000001,2025-01-02,Nour Karoui,P0017,Product 17,hardware,155.56
T000389,C00174,2025-02-15,586.12,,P0023,C00174,Nour,Ben Ali,client173@example.com,+21620000173,tunis,58.0,,tunis,client173@example.com,C00174,58.0,+21620000173,2025-01-06,Nour Ben Ali,P0023,Product 23,hardware,103.38
T000390,C00148,2025-02-15,194.4,cash,P0022,C00148,Amine,Karoui,client147@example.com,+21620000147,sousse,35.0,2025-01-08,sousse,client147@example.com,C00148,35.0,+21620000147,2025-01-08,Amine Karoui,P0022,Product 22,software,29.36
T000391,C00148,2025-02-15,279.42,transfer,P0001,C00148,Amine,Karoui,client147@example.com,+21620000147,sousse,35.0,2025-01-08,sousse,client147@example.com,C00148,35.0,+21620000147,2025-01-08,Amine Karoui,P0001,Product 1,hardware,51.96
T000392,C00079,2025-02-15,257.74,card,P0007,C00079,Youssef,Mansour,client78@example.com,+21620000078,sousse,47.0,2025-01-23,sousse,client78@example.com,C00079,47.0,,2025-01-23,Youssef Mansour,P0007,Product 7,software,12.05
T000393,C00161,2025-02-15,35.59,card,P0018,C00161,Adam,Karoui,client160@example.com,+21620000160,sousse,28.0,2025-01-21,sousse,client160@example.com,C00161,28.0,+21620000160,,,P0018,Product 18,hardware,141.13
T000394,C00077,2025-02-15,405.0,cash,P0030,C00077,Amine,Trabelsi,client76@example.com,+21620000076,paris,51.0,2025-01-21,,client76@example.com,C00077,51.0,+21620000076,2025-01-21,,P0030,Product 30,hardware,57.8
T000395,C00010,2025-02-15,215.24,cash,P0005,C00010,Samar,Hamdi,client9@example.com,+21620000009,tunis,66.0,,tunis,client9@example.com,C00010,66.0,+21620000009,2025-01-10,Samar Hamdi,P0005,,services,182.57
T000396,C00182,2025-02-15,473.54,card,P0004,C00182,Samar,Karoui,client181@example.com,+21620000181,paris,54.0,2025-01-14,paris,client181@example.com,C00182,,+21620000181,2025-01-14,Samar Karoui,P0004,Product 4,services,43.65
T000397,C00047,2025-02-15,500.11,,P0029,C00047,Lina,Hamdi,client46@example.com,+21620000046,sfax,44.0,2025-01-19,sfax,client46@example.com,C00047,44.0,+21620000046,2025-01-19,Lina Hamdi,P0029,Product 29,services,42.64
T000398,C00021,2025-02-15,493.63,card,P0030,C00021,Youssef,Mansour,client20@example.com,+21620000020,,42.0,2025-01-21,paris,client20@example.com,C00021,42.0,,2025-01-21,Youssef Mansour,P0030,Product 30,hardware,57.8
T000399,C00125,2025-02-15,252.92,cash,P0006,C00125,Adam,Karoui,,+21620000124,sfax,62.0,2025-01-13,sfax,client124@example.com,C00125,62.0,+21620000124,2025-01-13,Adam Karoui,P0006,Product 6,services,132.97
T000400,C00047,,196.32,cash,P0013,C00047,Lina,Hamdi,client46@example.com,+21620000046,sfax,44.0,2025-01-19,sfax,client46@example.com,C00047,44.0,+21620000046,2025-01-19,Lina Hamdi,P0013,Product 13,services,170.63
T000401,C00172,,450.55,cash,P0019,C00172,Samar,Hamdi,client171@example.com,+21620000171,sfax,74.0,2025-01-04,sfax,client171@example.com,C00172,74.0,+21620000171,2025-01-04,Samar Hamdi,P0019,Product 19,,168.41
T000402,C00089,2025-02-15,481.83,transfer,P0006,C00089,Nour,Trabelsi,,+21620000088,paris,43.0,2025-01-05,paris,client88@example.com,C00089,43.0,+21620000088,2025-01-05,Nour Trabelsi,P0006,Product 6,services,132.97
T000403,C00001,2025-02-15,297.3,card,P0010,C00001,Samar,,client0@example.com,+21620000000,paris,53.0,2025-01-01,paris,client0@example.com,C00001,53.0,+21620000000,2025-01-01,,P0010,Product 10,services,123.16
T000404,C00191,2025-02-15,536.35,transfer,P0012,C00191,Nour,Hamdi,client190@example.com,+21620000190,paris,23.0,2025-01-23,paris,client190@example.com,C00191,23.0,+21620000190,2025-01-23,Nour Hamdi,P0012,Product 12,services,51.52
T000405,C00103,2025-02-15,90.63,,P0020,C00103,Nour,Mansour,client102@example.com,+21620000102,paris,27.0,2025-01-19,paris,client102@example.com,C00103,27.0,+21620000102,2025-01-19,Nour Mansour,P0020,Product 20,services,12.83
T000406,C00053,2025-02-15,528.05,card,P0010,C00053,Lina,Mansour,,+21620000052,sfax,29.0,2025-01-25,sfax,client52@example.com,C00053,29.0,+21620000052,2025-01-25,Lina Mansour,P0010,Product 10,services,123.16
T000407,C00136,2025-02-15,62.18,card,P0013,C00136,Amine,Karoui,client135@example.com,+21620000135,tunis,56.0,2025-01-24,tunis,client135@example.com,C00136,56.0,+21620000135,2025-01-24,Amine Karoui,P0013,Product 13,services,170.63
T000408,C00107,2025-02-15,96.35,card,P0009,C00107,Nour,Ben Ali,client106@example.com,+21620000106,sousse,18.0,2025-01-23,sousse,client106@example.com,C00107,18.0,+21620000106,2025-01-23,Nour Ben Ali,P0009,Product 9,software,15.07
T000409,C00006,2025-02-15,322.63,card,P0023,C00006,Adam,Ben Ali,client5@example.com,+21620000005,sousse,48.0,2025-01-06,sousse,client5@example.com,C00006,48.0,+21620000005,2025-01-06,Adam Ben Ali,P0023,Product 23,hardware,103.38
T000410,C00152,2025-02-15,45.17,cash,P0005,C00152,Amine,Mansour,client151@example.com,+21620000151,sfax,26.0,2025-01-12,sfax,client151@example.com,C00152,26.0,+21620000151,2025-01-12,Amine Mansour,P0005,,services,182.57
T000411,C00081,2025-02-15,36.42,card,P0007,C00081,,Ben Ali,client80@example.com,+21620000080,sfax,59.0,2025-01-25,sfax,client80@example.com,C00081,59.0,+21620000080,2025-01-25,Adam Ben Ali,P0007,Product 7,software,12.05
T000412,C00140,2025-02-15,5.31,card,P0008,C00140,Lina,Karoui,client139@example.com,+21620000139,tunis,69.0,2025-01-28,tunis,client139@example.com,C00140,69.0,+21620000139,2025-01-28,Lina Karoui,P0008,Product 8,hardware,6.06
T000413,C00180,2025-02-15,264.61,cash,P0028,C00180,Youssef,Ben Ali,client179@example.com,+21620000179,tunis,66.0,2025-01-12,tunis,client179@example.com,C00180,66.0,+21620000179,2025-01-12,Youssef Ben Ali,P0028,Product 28,services,148.25
T000414,C00123,2025-02-15,465.9,transfer,P0029,C00123,Youssef,Hamdi,client122@example.com,+21620000122,tunis,66.0,2025-01-11,tunis,client122@example.com,C00123,66.0,+21620000122,2025-01-11,Youssef Hamdi,P0029,Product 29,services,42.64
T000415,C00135,2025-02-15,25.73,card,P0016,C00135,Nour,Trabelsi,client134@example.com,+21620000134,sousse,29.0,2025-01-23,sousse,client134@example.com,C00135,29.0,+21620000134,2025-01-23,Nour Trabelsi,P0016,Product 16,services,185.92
T000416,C00051,,393.09,transfer,P0005,C00051,Nour,Mansour,client50@example.com,+21620000050,paris,45.0,2025-01-23,paris,client50@example.com,C00051,45.0,+21620000050,2025-01-23,Nour Mansour,P0005,,services,182.57
T000417,C00048,2025-02-15,494.76,cash,P0023,C00048,Adam,Trabelsi,client47@example.com,+21620000047,paris,48.0,2025-01-20,paris,client47@example.com,C00048,48.0,+21620000047,2025-01-20,Adam Trabelsi,P0023,Product 23,hardware,103.38
T000418,C00084,2025-02-15,104.96,transfer,P0015,C00084,Nour,Trabelsi,client83@example.com,+21620000083,paris,72.0,2025-01-28,paris,client83@example.com,C00084,72.0,+21620000083,2025-01-28,Nour Trabelsi,P0015,Product 15,services,161.19
T000419,C00171,2025-02-15,92.38,card,P0026,C00171,Samar,Ben Ali,client170@example.com,+21620000170,paris,55.0,2025-01-03,paris,client170@example.com,C00171,55.0,+21620000170,2025-01-03,Samar Ben Ali,P0026,Product 26,hardware,170.97
T000420,C00105,2025-02-15,517.18,cash,P0011,C00105,Nour,Trabelsi,client104@example.com,+21620000104,sfax,25.0,2025-01-21,sfax,client104@example.com,C00105,25.0,,2025-01-21,Nour Trabelsi,P0011,Product 11,hardware,161.29
T000421,C00070,2025-02-15,494.76,transfer,P0030,C00070,Lina,Trabelsi,,+21620000069,paris,25.0,2025-01-14,paris,client69@example.com,C00070,25.0,+21620000069,2025-01-14,Lina Trabelsi,P0030,Product 30,hardware,57.8
T000422,C00156,2025-02-15,325.67,card,P0025,C00156,Youssef,Karoui,client155@example.com,+21620000155,sousse,42.0,2025-01-16,sousse,client155@example.com,C00156,42.0,+21620000155,2025-01-16,Youssef Karoui,P0025,Product 25,software,127.85
T000423,C00171,2025-02-15,492.42,,P0007,C00171,Samar,Ben Ali,client170@example.com,+21620000170,paris,55.0,2025-01-03,paris,client170@example.com,C00171,55.0,+21620000170,2025-01-03,Samar Ben Ali,P0007,Product 7,software,12.05
T000424,C00181,2025-02-15,60.19,,P0022,C00181,Adam,Mansour,,+21620000180,tunis,68.0,,tunis,client180@example.com,C00181,68.0,+21620000180,2025-01-13,Adam Mansour,P0022,Product 22,software,29.36
T000425,C00060,2025-02-15,239.72,cash,P0009,C00060,Nour,Trabelsi,client59@example.com,+21620000059,tunis,34.0,2025-01-04,tunis,client59@example.com,C00060,34.0,+21620000059,2025-01-04,,P0009,Product 9,software,15.07
T000426,C00142,2025-02-15,443.99,cash,P0011,C00142,Amine,Ben Ali,client141@example.com,+21620000141,tunis,61.0,2025-01-02,tunis,client141@example.com,C00142,61.0,+21620000141,2025-01-02,,P0011,Product 11,hardware,161.29
T000427,C00119,2025-02-15,158.18,cash,P0008,C00119,Amine,Karoui,client118@example.com,,,31.0,2025-01-07,sfax,client118@example.com,C00119,31.0,+21620000118,2025-01-07,Amine Karoui,P0008,Product 8,hardware,6.06
T000428,C00090,2025-02-15,,card,P0021,C00090,,Trabelsi,client89@example.com,+21620000089,sousse,62.0,2025-01-06,sousse,client89@example.com,C00090,62.0,+21620000089,2025-01-06,Nour Trabelsi,P0021,Product 21,hardware,44.35
T000429,C00080,2025-02-15,304.99,transfer,P0008,C00080,Nour,Mansour,client79@example.com,+21620000079,tunis,71.0,2025-01-24,tunis,client79@example.com,C00080,71.0,+21620000079,2025-01-24,Nour Mansour,P0008,Product 8,hardware,6.06
T000430,C00023,2025-02-15,451.41,cash,P0020,C00023,Amine,Hamdi,client22@example.com,,paris,27.0,,paris,client22@example.com,C00023,27.0,+21620000022,2025-01-23,Amine Hamdi,P0020,Product 20,services,12.83
T000431,C00055,2025-02-15,281.48,transfer,P0018,C00055,Lina,Hamdi,client54@example.com,+21620000054,sousse,49.0,2025-01-27,sousse,client54@example.com,C00055,49.0,+21620000054,2025-01-27,Lina Hamdi,P0018,Product 18,hardware,141.13
T000432,C00110,2025-02-15,223.9,cash,P0023,C00110,Nour,Mansour,client109@example.com,+21620000109,tunis,44.0,2025-01-26,,client109@example.com,C00110,44.0,,2025-01-26,Nour Mansour,P0023,Product 23,hardware,103.38
T000433,C00178,2025-02-15,135.42,cash,P0030,C00178,Samar,Hamdi,client177@example.com,+21620000177,sousse,24.0,2025-01-10,sousse,client177@example.com,C00178,24.0,+21620000177,2025-01-10,,P0030,Product 30,hardware,57.8
T000434,C00174,2025-02-15,128.99,cash,P0001,C00174,Nour,Ben Ali,client173@example.com,+21620000173,tunis,58.0,,tunis,client173@example.com,C00174,58.0,+21620000173,2025-01-06,Nour Ben Ali,P0001,Product 1,hardware,51.96
T000435,C00038,2025-02-15,452.14,transfer,P0030,C00038,Nour,Trabelsi,client37@example.com,+21620000037,paris,34.0,2025-01-10,paris,client37@example.com,C00038,34.0,+21620000037,2025-01-10,Nour Trabelsi,P0030,Product 30,hardware,57.8
T000436,C00136,2025-02-15,75.75,transfer,P0004,C00136,Amine,Karoui,client135@example.com,+21620000135,tunis,56.0,2025-01-24,tunis,client135@example.com,C00136,56.0,+21620000135,2025-01-24,Amine Karoui,P0004,Product 4,services,43.65
T000437,C00017,2025-02-15,56.16,transfer,P0016,C00017,Youssef,Mansour,client16@example.com,+21620000016,paris,32.0,2025-01-17,paris,client16@example.com,C00017,32.0,+21620000016,2025-01-17,Youssef Mansour,P0016,Product 16,services,185.92
T000438,C00136,2025-02-15,109.89,cash,P0011,C00136,Amine,Karoui,client135@example.com,+21620000135,tunis,56.0,2025-01-24,tunis,client135@example.com,C00136,56.0,+21620000135,2025-01-24,Amine Karoui,P0011,Product 11,hardware,161.29
T000439,C00069,2025-02-15,109.33,transfer,P0020,C00069,Samar,Hamdi,client68@example.com,+21620000068,tunis,70.0,2025-01-13,tunis,client68@example.com,C00069,70.0,+21620000068,2025-01-13,Samar Hamdi,P0020,Product 20,services,12.83
T000440,C00090,2025-02-15,494.75,cash,P0022,C00090,,Trabelsi,client89@example.com,+21620000089,sousse,62.0,2025-01-06,sousse,client89@example.com,C00090,62.0,+21620000089,2025-01-06,Nour Trabelsi,P0022,Product 22,software,29.36
T000441,C00144,2025-02-15,242.11,cash,P0026,C00144,Lina,Trabelsi,client143@example.com,+21620000143,tunis,33.0,2025-01-04,tunis,client143@example.com,C00144,33.0,+21620000143,2025-01-04,Lina Trabelsi,P0026,Product 26,hardware,170.97
T000442,C00085,2025-02-15,594.28,transfer,P0013,C00085,Youssef,Trabelsi,client84@example.com,+21620000084,sfax,27.0,2025-01-01,sfax,client84@example.com,C00085,,+21620000084,2025-01-01,Youssef Trabelsi,P0013,Product 13,services,170.63
T000443,C00162,2025-02-15,86.64,card,P0028,C00162,Youssef,Karoui,client161@example.com,+21620000161,tunis,49.0,2025-01-22,tunis,client161@example.com,C00162,49.0,+21620000161,2025-01-22,Youssef Karoui,P0028,Product 28,services,148.25
T000444,C00107,2025-02-15,393.86,transfer,P0010,C00107,Nour,Ben Ali,client106@example.com,+21620000106,sousse,18.0,2025-01-23,sousse,client106@example.com,C00107,18.0,+21620000106,2025-01-23,Nour Ben Ali,P0010,Product 10,services,123.16
T000445,C00200,2025-02-15,271.99,card,P0007,C00200,Adam,Ben Ali,client199@example.com,+21620000199,sousse,43.0,2025-01-04,sousse,client199@example.com,C00200,43.0,+21620000199,2025-01-04,Adam Ben Ali,P0007,Product 7,software,12.05
T000446,C00128,2025-02-15,238.79,cash,P0012,C00128,Nour,Mansour,client127@example.com,+21620000127,tunis,22.0,2025-01-16,tunis,client127@example.com,C00128,22.0,+21620000127,2025-01-16,Nour Mansour,P0012,Product 12,services,51.52
T000447,C00060,2025-02-15,525.68,cash,P0016,C00060,Nour,Trabelsi,client59@example.com,+21620000059,tunis,34.0,2025-01-04,tunis,client59@example.com,C00060,34.0,+21620000059,2025-01-04,,P0016,Product 16,services,185.92
T000448,C00156,2025-02-15,585.48,cash,P0021,C00156,Youssef,Karoui,client155@example.com,+21620000155,sousse,42.0,2025-01-16,sousse,client155@example.com,C00156,42.0,+21620000155,2025-01-16,Youssef Karoui,P0021,Product 21,hardware,44.35
T000449,C00082,2025-02-15,524.35,,P0025,C00082,Lina,Trabelsi,client81@example.com,+21620000081,paris,25.0,2025-01-26,paris,client81@example.com,C00082,25.0,+21620000081,2025-01-26,Lina Trabelsi,P0025,Product 25,software,127.85
T000450,C00107,2025-02-15,119.42,cash,P0007,C00107,Nour,Ben Ali,client106@example.com,+21620000106,sousse,18.0,2025-01-23,sousse,client106@example.com,C00107,18.0,+21620000106,2025-01-23,Nour Ben Ali,P0007,Product 7,software,12.05
T000451,C00028,2025-02-15,136.37,cash,P0010,C00028,Nour,Trabelsi,client27@example.com,+21620000027,paris,38.0,2025-01-28,paris,client27@example.com,C00028,38.0,+21620000027,2025-01-28,Nour Trabelsi,P0010,Product 10,services,123.16
T000452,C00024,2025-02-15,395.36,cash,P0029,C00024,Adam,Ben Ali,client23@example.com,+21620000023,,,2025-01-24,sousse,client23@example.com,C00024,41.0,+21620000023,2025-01-24,Adam Ben Ali,P0029,Product 29,services,42.64
T000453,C00115,2025-02-15,177.0,cash,P0014,C00115,Youssef,Ben Ali,client114@example.com,+21620000114,paris,70.0,2025-01-03,paris,client114@example.com,C00115,70.0,+21620000114,2025-01-03,Youssef Ben Ali,P0014,Product 14,hardware,16.16
T000454,C00038,2025-02-15,442.16,transfer,P0008,C00038,Nour,Trabelsi,client37@example.com,+21620000037,paris,34.0,2025-01-10,paris,client37@example.com,C00038,34.0,+21620000037,2025-01-10,Nour Trabelsi,P0008,Product 8,hardware,6.06
T000455,C00200,2025-02-15,342.02,cash,P0030,C00200,Adam,Ben Ali,client199@example.com,+21620000199,sousse,43.0,2025-01-04,sousse,client199@example.com,C00200,43.0,+21620000199,2025-01-04,Adam Ben Ali,P0030,Product 30,hardware,57.8
T000456,C00172,2025-02-15,332.79,cash,P0014,C00172,Samar,Hamdi,client171@example.com,+21620000171,sfax,74.0,2025-01-04,sfax,client171@example.com,C00172,74.0,+21620000171,2025-01-04,Samar Hamdi,P0014,Product 14,hardware,16.16
T000457,C00141,,497.99,transfer,P0030,C00141,Adam,Hamdi,client140@example.com,,sousse,64.0,2025-01-01,sousse,client140@example.com,C00141,64.0,+21620000140,2025-01-01,Adam Hamdi,P0030,Product 30,hardware,57.8
T000458,C00147,2025-02-15,427.77,transfer,P0028,C00147,,Karoui,client146@example.com,+21620000146,sfax,48.0,2025-01-07,sfax,client146@example.com,C00147,48.0,+21620000146,2025-01-07,Samar Karoui,P0028,Product 28,services,148.25
T000459,C00120,2025-02-15,20.81,card,P0028,C00120,Samar,Hamdi,client119@example.com,+21620000119,sousse,52.0,2025-01-08,,client119@example.com,C00120,52.0,+21620000119,2025-01-08,Samar Hamdi,P0028,Product 28,services,148.25
T000460,C00013,2025-02-15,34.43,transfer,P0018,C00013,Nour,Hamdi,client12@example.com,+21620000012,sfax,62.0,2025-01-13,sfax,client12@example.com,C00013,62.0,+21620000012,2025-01-13,Nour Hamdi,P0018,Product 18,hardware,141.13
T000461,C00079,2025-02-15,362.93,card,P0024,C00079,Youssef,Mansour,client78@example.com,+21620000078,sousse,47.0,2025-01-23,sousse,client78@example.com,C00079,47.0,,2025-01-23,Youssef Mansour,P0024,Product 24,software,150.31
T000462,C00100,2025-02-15,294.28,card,P0029,C00100,Samar,Mansour,client99@example.com,+21620000099,sfax,23.0,2025-01-16,sfax,client99@example.com,C00100,23.0,+21620000099,2025-01-16,Samar Mansour,P0029,Product 29,services,42.64
T000463,C00184,2025-02-15,159.81,,P0009,C00184,Nour,Ben Ali,client183@example.com,+21620000183,tunis,24.0,2025-01-16,tunis,client183@example.com,C00184,,+21620000183,2025-01-16,Nour Ben Ali,P0009,Product 9,software,15.07
T000464,C00044,2025-02-15,254.1,card,P0002,C00044,Lina,Hamdi,client43@example.com,+21620000043,sfax,45.0,2025-01-16,sfax,client43@example.com,C00044,45.0,+21620000043,2025-01-16,Lina Hamdi,P0002,Product 2,hardware,
T000465,C00100,2025-02-15,455.96,transfer,P0010,C00100,Samar,Mansour,client99@example.com,+21620000099,sfax,23.0,2025-01-16,sfax,client99@example.com,C00100,23.0,+21620000099,2025-01-16,Samar Mansour,P0010,Product 10,services,123.16
T000466,C00069,2025-02-15,496.83,transfer,P0020,C00069,Samar,Hamdi,client68@example.com,+21620000068,tunis,70.0,2025-01-13,tunis,client68@example.com,C00069,70.0,+21620000068,2025-01-13,Samar Hamdi,P0020,Product 20,services,12.83
T000467,C00027,2025-02-15,338.93,transfer,P0017,C00027,Lina,Karoui,client26@example.com,+21620000026,paris,37.0,2025-01-27,paris,client26@example.com,C00027,37.0,+21620000026,2025-01-27,,P0017,Product 17,hardware,155.56
T000468,C00021,2025-02-15,234.29,transfer,P0003,C00021,Youssef,Mansour,client20@example.com,+21620000020,,42.0,2025-01-21,paris,client20@example.com,C00021,42.0,,2025-01-21,Youssef Mansour,P0003,Product 3,software,156.47
T000469,C00074,2025-02-15,,transfer,P0017,C00074,Samar,Karoui,client73@example.com,+21620000073,sfax,23.0,2025-01-18,sfax,client73@example.com,C00074,23.0,+21620000073,,Samar Karoui,P0017,Product 17,hardware,155.56
T000470,C00017,2025-02-15,315.54,card,P0006,C00017,Youssef,Mansour,client16@example.com,+21620000016,paris,32.0,2025-01-17,paris,client16@example.com,C00017,32.0,+21620000016,2025-01-17,Youssef Mansour,P0006,Product 6,services,132.97
T000471,C00014,2025-02-15,192.28,transfer,P0016,C00014,Nour,Trabelsi,client13@example.com,+21620000013,,39.0,2025-01-14,tunis,client13@example.com,C00014,39.0,+21620000013,2025-01-14,Nour Trabelsi,P0016,Product 16,services,185.92
T000472,C00071,2025-02-15,340.64,card,P0018,C00071,Nour,Ben Ali,client70@example.com,+21620000070,sousse,72.0,2025-01-15,sousse,client70@example.com,C00071,72.0,+21620000070,2025-01-15,Nour Ben Ali,P0018,Product 18,hardware,141.13
T000473,C00041,2025-02-15,407.61,card,P0020,C00041,Samar,Mansour,client40@example.com,+21620000040,paris,,2025-01-13,paris,,C00041,56.0,+21620000040,2025-01-13,Samar Mansour,P0020,Product 20,services,12.83
T000474,C00111,2025-02-15,44.32,card,P0013,C00111,Amine,Hamdi,client110@example.com,+21620000110,paris,56.0,2025-01-27,paris,client110@example.com,C00111,56.0,+21620000110,2025-01-27,Amine Hamdi,P0013,Product 13,services,170.63
T000475,C00004,2025-02-15,5.64,cash,P0013,C00004,Lina,,client3@example.com,+21620000003,paris,,2025-01-04,paris,client3@example.com,C00004,,+21620000003,2025-01-04,Lina Hamdi,P0013,Product 13,services,170.63
T000476,C00061,,131.3,transfer,P0021,C00061,Adam,Hamdi,client60@example.com,+21620000060,sousse,28.0,2025-01-05,sousse,client60@example.com,C00061,28.0,+21620000060,2025-01-05,Adam Hamdi,P0021,Product 21,hardware,44.35
T000477,C00091,2025-02-15,537.23,card,P0023,C00091,Lina,Karoui,client90@example.com,+21620000090,paris,74.0,2025-01-07,paris,client90@example.com,C00091,74.0,+21620000090,2025-01-07,Lina Karoui,P0023,Product 23,hardware,103.38
T000478,C00193,2025-02-15,389.54,transfer,P0025,C00193,Youssef,Ben Ali,client192@example.com,+21620000192,tunis,59.0,2025-01-25,tunis,client192@example.com,C00193,59.0,+21620000192,,Youssef Ben Ali,P0025,Product 25,software,127.85
T000479,C00127,2025-02-15,107.32,cash,P0011,C00127,Samar,Ben Ali,client126@example.com,+21620000126,paris,59.0,2025-01-15,paris,client126@example.com,C00127,59.0,+21620000126,2025-01-15,Samar Ben Ali,P0011,Product 11,hardware,161.29
T000480,C00177,2025-02-15,534.71,cash,P0013,C00177,Nour,Hamdi,client176@example.com,+21620000176,paris,42.0,2025-01-09,paris,client176@example.com,C00177,,+21620000176,2025-01-09,Nour Hamdi,P0013,Product 13,services,170.63
T000481,C00069,2025-02-15,284.62,transfer,P0010,C00069,Samar,Hamdi,client68@example.com,+21620000068,tunis,70.0,2025-01-13,tunis,client68@example.com,C00069,70.0,+21620000068,2025-01-13,Samar Hamdi,P0010,Product 10,services,123.16
T000482,C00090,2025-02-15,288.27,cash,P0016,C00090,,Trabelsi,client89@example.com,+21620000089,sousse,62.0,2025-01-06,sousse,client89@example.com,C00090,62.0,+21620000089,2025-01-06,Nour Trabelsi,P0016,Product 16,services,185.92
T000483,C00085,2025-02-15,561.65,cash,P0004,C00085,Youssef,Trabelsi,client84@example.com,+21620000084,sfax,27.0,2025-01-01,sfax,client84@example.com,C00085,,+21620000084,2025-01-01,Youssef Trabelsi,P0004,Product 4,services,43.65
T000484,C00178,2025-02-15,40.39,transfer,P0013,C00178,Samar,Hamdi,client177@example.com,+21620000177,sousse,24.0,2025-01-10,sousse,client177@example.com,C00178,24.0,+21620000177,2025-01-10,,P0013,Product 13,services,170.63
T000485,C00192,2025-02-15,133.03,cash,P0006,C00192,Youssef,Mansour,client191@example.com,+21620000191,paris,43.0,2025-01-24,paris,client191@example.com,C00192,43.0,+21620000191,2025-01-24,Youssef Mansour,P0006,Product 6,services,132.97
T000486,C00193,2025-02-15,353.53,cash,P0016,C00193,Youssef,Ben Ali,client192@example.com,+21620000192,tunis,59.0,2025-01-25,tunis,client192@example.com,C00193,59.0,+21620000192,,Youssef Ben Ali,P0016,Product 16,services,185.92
T000487,C00151,2025-02-15,121.31,card,P0026,C00151,Adam,Trabelsi,client150@example.com,+21620000150,paris,72.0,2025-01-11,paris,client150@example.com,C00151,72.0,+21620000150,2025-01-11,Adam Trabelsi,P0026,Product 26,hardware,170.97
T000488,C00101,2025-02-15,409.32,card,P0030,C00101,Nour,Ben Ali,client100@example.com,+21620000100,tunis,47.0,2025-01-17,tunis,client100@example.com,C00101,47.0,+21620000100,2025-01-17,Nour Ben Ali,P0030,Product 30,hardware,57.8
T000489,C00109,2025-02-15,132.38,card,P0014,C00109,Lina,Ben Ali,client108@example.com,,sfax,45.0,2025-01-25,sfax,client108@example.com,C00109,45.0,+21620000108,2025-01-25,Lina Ben Ali,P0014,Product 14,hardware,16.16
T000490,C00197,2025-02-15,64.0,card,P0002,C00197,Lina,Mansour,client196@example.com,+21620000196,sousse,73.0,2025-01-01,sousse,client196@example.com,C00197,73.0,+21620000196,2025-01-01,Lina Mansour,P0002,Product 2,hardware,
T000491,C00057,2025-02-15,128.16,card,P0007,C00057,Youssef,,client56@example.com,+21620000056,tunis,61.0,,tunis,client56@example.com,C00057,61.0,+21620000056,2025-01-01,Youssef Hamdi,P0007,Product 7,software,12.05
T000492,C00070,2025-02-15,256.53,transfer,P0004,C00070,Lina,Trabelsi,,+21620000069,paris,25.0,2025-01-14,paris,client69@example.com,C00070,25.0,+21620000069,2025-01-14,Lina Trabelsi,P0004,Product 4,services,43.65
T000493,C00180,2025-02-15,109.8,card,P0023,C00180,Youssef,Ben Ali,client179@example.com,+21620000179,tunis,66.0,2025-01-12,tunis,client179@example.com,C00180,66.0,+21620000179,2025-01-12,Youssef Ben Ali,P0023,Product 23,hardware,103.38
T000494,C00078,2025-02-15,85.14,cash,P0030,C00078,Amine,Hamdi,client77@example.com,+21620000077,tunis,22.0,2025-01-22,,client77@example.com,C00078,22.0,+21620000077,2025-01-22,Amine Hamdi,P0030,Product 30,hardware,57.8
T000495,C00048,2025-02-15,516.87,transfer,P0017,C00048,Adam,Trabelsi,client47@example.com,+21620000047,paris,48.0,2025-01-20,paris,client47@example.com,C00048,48.0,+21620000047,2025-01-20,Adam Trabelsi,P0017,Product 17,hardware,155.56
T000496,C00113,2025-02-15,195.64,transfer,P0006,C00113,Youssef,Mansour,,+21620000112,paris,,2025-01-01,paris,client112@example.com,C00113,,+21620000112,2025-01-01,Youssef Mansour,P0006,Product 6,services,132.97
T000497,C00066,,219.65,cash,P0001,C00066,Amine,Trabelsi,client65@example.com,+21620000065,paris,57.0,2025-01-10,paris,client65@example.com,C00066,57.0,+21620000065,2025-01-10,Amine Trabelsi,P0001,Product 1,hardware,51.96
T000498,C00179,,37.89,card,P0030,C00179,Adam,Ben Ali,client178@example.com,,paris,33.0,2025-01-11,paris,client178@example.com,C00179,33.0,+21620000178,2025-01-11,Adam Ben Ali,P0030,Product 30,hardware,57.8
T000499,C00182,2025-02-15,,,P0010,C00182,Samar,Karoui,client181@example.com,+21620000181,paris,54.0,2025-01-14,paris,client181@example.com,C00182,,+21620000181,2025-01-14,Samar Karoui,P0010,Product 10,services,123.16
T000500,C00062,2025-02-15,162.56,card,P0004,C00062,Nour,,client61@example.com,+21620000061,tunis,59.0,2025-01-06,tunis,client61@example.com,C00062,59.0,+21620000061,2025-01-06,Nour Mansour,P0004,Product 4,services,43.65
T000501,C00106,2025-02-15,368.24,transfer,P0006,C00106,Nour,Mansour,client105@example.com,+21620000105,sfax,50.0,2025-01-22,sfax,,C00106,50.0,+21620000105,2025-01-22,Nour Mansour,P0006,Product 6,services,132.97
T000502,C00197,2025-02-15,127.21,transfer,P0008,C00197,Lina,Mansour,client196@example.com,+21620000196,sousse,73.0,2025-01-01,sousse,client196@example.com,C00197,73.0,+21620000196,2025-01-01,Lina Mansour,P0008,Product 8,hardware,6.06
T000503,C00149,2025-02-15,533.58,card,P0020,C00149,Nour,Mansour,client148@example.com,+21620000148,sousse,35.0,2025-01-09,sousse,client148@example.com,C00149,35.0,+21620000148,2025-01-09,Nour Mansour,P0020,Product 20,services,12.83
T000504,C00044,2025-02-15,558.15,transfer,P0027,C00044,Lina,Hamdi,client43@example.com,+21620000043,sfax,45.0,2025-01-16,sfax,client43@example.com,C00044,45.0,+21620000043,2025-01-16,Lina Hamdi,P0027,Product 27,services,35.27
T000505,C00119,2025-02-15,64.4,card,P0009,C00119,Amine,Karoui,client118@example.com,,,31.0,2025-01-07,sfax,client118@example.com,C00119,31.0,+21620000118,2025-01-07,Amine Karoui,P0009,Product 9,software,15.07
T000506,C00124,2025-02-15,,card,P0021,C00124,Lina,Karoui,client123@example.com,+21620000123,paris,24.0,2025-01-12,paris,,C00124,24.0,+21620000123,2025-01-12,Lina Karoui,P0021,Product 21,hardware,44.35
T000507,C00131,2025-02-15,73.62,transfer,P0002,C00131,Youssef,Trabelsi,client130@example.com,+21620000130,,59.0,2025-01-19,sousse,client130@example.com,C00131,59.0,+21620000130,2025-01-19,Youssef Trabelsi,P0002,Product 2,hardware,
T000508,C00006,2025-02-15,373.64,transfer,P0001,C00006,Adam,Ben Ali,client5@example.com,+21620000005,sousse,48.0,2025-01-06,sousse,client5@example.com,C00006,48.0,+21620000005,2025-01-06,Adam Ben Ali,P0001,Product 1,hardware,51.96
T000509,C00060,2025-02-15,77.57,card,P0002,C00060,Nour,Trabelsi,client59@example.com,+21620000059,tunis,34.0,2025-01-04,tunis,client59@example.com,C00060,34.0,+21620000059,2025-01-04,,P0002,Product 2,hardware,
T000510,C00171,2025-02-15,512.17,transfer,P0028,C00171,Samar,Ben Ali,client170@example.com,+21620000170,paris,55.0,2025-01-03,paris,client170@example.com,C00171,55.0,+21620000170,2025-01-03,Samar Ben Ali,P0028,Product 28,services,148.25
T000511,C00049,2025-02-15,453.79,transfer,P0018,C00049,Nour,Hamdi,client48@example.com,+21620000048,,72.0,2025-01-21,sousse,client48@example.com,C00049,72.0,+21620000048,2025-01-21,Nour Hamdi,P0018,Product 18,hardware,141.13
T000512,C00060,,492.79,transfer,P0025,C00060,Nour,Trabelsi,client59@example.com,+21620000059,tunis,34.0,2025-01-04,tunis,client59@example.com,C00060,34.0,+21620000059,2025-01-04,,P0025,Product 25,software,127.85
T000513,C00065,2025-02-15,318.01,card,P0001,C00065,Lina,Karoui,client64@example.com,+21620000064,tunis,52.0,2025-01-09,tunis,client64@example.com,C00065,52.0,+21620000064,2025-01-09,Lina Karoui,P0001,Product 1,hardware,51.96
T000514,C00036,2025-02-15,598.02,card,P0001,C00036,Samar,Hamdi,client35@example.com,+21620000035,tunis,57.0,2025-01-08,tunis,client35@example.com,C00036,57.0,+21620000035,,Samar Hamdi,P0001,Product 1,hardware,51.96
T000515,C00032,2025-02-15,31.28,transfer,P0026,C00032,Amine,Karoui,client31@example.com,+21620000031,sousse,36.0,2025-01-04,sousse,client31@example.com,C00032,36.0,+21620000031,2025-01-04,Amine Karoui,P0026,Product 26,hardware,170.97
T000516,C00070,2025-02-15,243.75,transfer,P0004,C00070,Lina,Trabelsi,,+21620000069,paris,25.0,2025-01-14,paris,client69@example.com,C00070,25.0,+21620000069,2025-01-14,Lina Trabelsi,P0004,Product 4,services,43.65
T000517,C00175,,197.74,transfer,P0005,C00175,Nour,Karoui,client174@example.com,+21620000174,tunis,66.0,2025-01-07,tunis,client174@example.com,C00175,66.0,+21620000174,2025-01-07,Nour Karoui,P0005,,services,182.57
T000518,C00001,2025-02-15,569.44,cash,P0016,C00001,Samar,,client0@example.com,+21620000000,paris,53.0,2025-01-01,paris,client0@example.com,C00001,53.0,+21620000000,2025-01-01,,P0016,Product 16,services,185.92
T000519,C00057,2025-02-15,348.23,card,P0019,C00057,Youssef,,client56@example.com,+21620000056,tunis,61.0,,tunis,client56@example.com,C00057,61.0,+21620000056,2025-01-01,Youssef Hamdi,P0019,Product 19,,168.41
T000520,C00013,2025-02-15,484.68,transfer,P0007,C00013,Nour,Hamdi,client12@example.com,+21620000012,sfax,62.0,2025-01-13,sfax,client12@example.com,C00013,62.0,+21620000012,2025-01-13,Nour Hamdi,P0007,Product 7,software,12.05
T000521,C00113,2025-02-15,106.35,card,P0014,C00113,Youssef,Mansour,,+21620000112,paris,,2025-01-01,paris,client112@example.com,C00113,,+21620000112,2025-01-01,Youssef Mansour,P0014,Product 14,hardware,16.16
T000522,C00051,2025-02-15,587.29,cash,P0021,C00051,Nour,Mansour,client50@example.com,+21620000050,paris,45.0,2025-01-23,paris,client50@example.com,C00051,45.0,+21620000050,2025-01-23,Nour Mansour,P0021,Product 21,hardware,44.35
T000523,C00159,2025-02-15,301.69,transfer,P0014,C00159,Youssef,Mansour,client158@example.com,+21620000158,paris,25.0,2025-01-19,paris,client158@example.com,C00159,25.0,+21620000158,2025-01-19,Youssef Mansour,P0014,Product 14,hardware,16.16
T000524,C00118,2025-02-15,298.73,cash,P0012,C00118,Samar,Hamdi,client117@example.com,+21620000117,tunis,46.0,2025-01-06,tunis,client117@example.com,C00118,46.0,+21620000117,2025-01-06,Samar Hamdi,P0012,Product 12,services,51.52
T000525,C00157,2025-02-15,582.68,,P0003,C00157,Samar,Mansour,client156@example.com,+21620000156,sousse,60.0,2025-01-17,sousse,client156@example.com,C00157,60.0,+21620000156,2025-01-17,Samar Mansour,P0003,Product 3,software,156.47
T000526,C00127,2025-02-15,231.54,card,P0014,C00127,Samar,Ben Ali,client126@example.com,+21620000126,paris,59.0,2025-01-15,paris,client126@example.com,C00127,59.0,+21620000126,2025-01-15,Samar Ben Ali,P0014,Product 14,hardware,16.16
T000527,C00088,2025-02-15,241.53,cash,P0025,C00088,Amine,Trabelsi,client87@example.com,+21620000087,sousse,51.0,2025-01-04,sousse,client87@example.com,C00088,51.0,+21620000087,2025-01-04,Amine Trabelsi,P0025,Product 25,software,127.85
T000528,C00173,2025-02-15,352.93,transfer,P0019,C00173,Nour,Trabelsi,client172@example.com,+21620000172,sfax,18.0,2025-01-05,sfax,client172@example.com,C00173,,+21620000172,,Nour Trabelsi,P0019,Product 19,,168.41
T000529,C00096,2025-02-15,81.19,cash,P0027,C00096,Amine,Trabelsi,client95@example.com,+21620000095,sfax,32.0,2025-01-12,sfax,client95@example.com,C00096,32.0,+21620000095,2025-01-12,Amine Trabelsi,P0027,Product 27,services,35.27
T000530,C00190,2025-02-15,196.05,transfer,P0004,C00190,Amine,,client189@example.com,+21620000189,paris,18.0,2025-01-22,paris,client189@example.com,C00190,18.0,+21620000189,2025-01-22,Amine Mansour,P0004,Product 4,services,43.65
T000531,C00199,2025-02-15,119.96,card,P0001,C00199,Lina,Ben Ali,client198@example.com,+21620000198,sousse,35.0,2025-01-03,sousse,client198@example.com,C00199,35.0,+21620000198,2025-01-03,Lina Ben Ali,P0001,Product 1,hardware,51.96
T000532,C00118,2025-02-15,66.45,transfer,P0017,C00118,Samar,Hamdi,client117@example.com,+21620000117,tunis,46.0,2025-01-06,tunis,client117@example.com,C00118,46.0,+21620000117,2025-01-06,Samar Hamdi,P0017,Product 17,hardware,155.56
T000533,C00135,2025-02-15,520.36,transfer,P0006,C00135,Nour,Trabelsi,client134@example.com,+21620000134,sousse,29.0,2025-01-23,sousse,client134@example.com,C00135,29.0,+21620000134,2025-01-23,Nour Trabelsi,P0006,Product 6,services,132.97
T000534,C00052,2025-02-15,355.65,cash,P0018,C00052,Amine,Trabelsi,client51@example.com,,paris,55.0,2025-01-24,paris,client51@example.com,C00052,55.0,+21620000051,2025-01-24,Amine Trabelsi,P0018,Product 18,hardware,141.13
T000535,C00163,2025-02-15,218.41,transfer,P0028,C00163,Lina,Ben Ali,client162@example.com,+21620000162,sfax,72.0,2025-01-23,sfax,client162@example.com,C00163,72.0,+21620000162,2025-01-23,Lina Ben Ali,P0028,Product 28,services,148.25
T000536,C00135,2025-02-15,248.16,cash,P0011,C00135,Nour,Trabelsi,client134@example.com,+21620000134,sousse,29.0,2025-01-23,sousse,client134@example.com,C00135,29.0,+21620000134,2025-01-23,Nour Trabelsi,P0011,Product 11,hardware,161.29
T000537,C00181,2025-02-15,261.75,cash,P0017,C00181,Adam,Mansour,,+21620000180,tunis,68.0,,tunis,client180@example.com,C00181,68.0,+21620000180,2025-01-13,Adam Mansour,P0017,Product 17,hardware,155.56
T000538,C00054,2025-02-15,381.72,transfer,P0021,C00054,Lina,Ben Ali,client53@example.com,+21620000053,tunis,63.0,2025-01-26,tunis,client53@example.com,C00054,63.0,+21620000053,2025-01-26,Lina Ben Ali,P0021,Product 21,hardware,44.35
T000539,C00158,2025-02-15,556.43,transfer,P0005,C00158,Youssef,Karoui,client157@example.com,+21620000157,paris,39.0,,paris,client157@example.com,C00158,39.0,+21620000157,2025-01-18,Youssef Karoui,P0005,,services,182.57
T000540,C00095,2025-02-15,560.0,transfer,P0027,C00095,Adam,Trabelsi,client94@example.com,+21620000094,sfax,23.0,2025-01-11,sfax,client94@example.com,C00095,23.0,+21620000094,2025-01-11,Adam Trabelsi,P0027,Product 27,services,35.27
T000541,C00038,2025-02-15,237.94,card,P0007,C00038,Nour,Trabelsi,client37@example.com,+21620000037,paris,34.0,2025-01-10,paris,client37@example.com,C00038,34.0,+21620000037,2025-01-10,Nour Trabelsi,P0007,Product 7,software,12.05
T000542,C00035,2025-02-15,200.91,transfer,P0025,C00035,Adam,Trabelsi,client34@example.com,+21620000034,sfax,28.0,2025-01-07,sfax,client34@example.com,C00035,28.0,+21620000034,2025-01-07,Adam Trabelsi,P0025,Product 25,software,127.85
T000543,C00113,2025-02-15,273.37,card,P0020,C00113,Youssef,Mansour,,+21620000112,paris,,2025-01-01,paris,client112@example.com,C00113,,+21620000112,2025-01-01,Youssef Mansour,P0020,Product 20,services,12.83
T000544,C00064,2025-02-15,342.92,cash,P0005,C00064,Adam,Karoui,client63@example.com,+21620000063,sfax,,2025-01-08,sfax,client63@example.com,C00064,29.0,+21620000063,2025-01-08,Adam Karoui,P0005,,services,182.57
T000545,C00021,2025-02-15,279.78,cash,P0022,C00021,Youssef,Mansour,client20@example.com,+21620000020,,42.0,2025-01-21,paris,client20@example.com,C00021,42.0,,2025-01-21,Youssef Mansour,P0022,Product 22,software,29.36
T000546,C00086,2025-02-15,396.96,,P0006,C00086,Nour,Karoui,client85@example.com,+21620000085,tunis,63.0,2025-01-02,tunis,client85@example.com,C00086,63.0,+21620000085,2025-01-02,Nour Karoui,P0006,Product 6,services,132.97
T000547,C00131,2025-02-15,334.87,transfer,P0018,C00131,Youssef,Trabelsi,client130@example.com,+21620000130,,59.0,2025-01-19,sousse,client130@example.com,C00131,59.0,+21620000130,2025-01-19,Youssef Trabelsi,P0018,Product 18,hardware,141.13
T000548,C00064,2025-02-15,195.83,transfer,P0029,C00064,Adam,Karoui,client63@example.com,+21620000063,sfax,,2025-01-08,sfax,client63@example.com,C00064,29.0,+21620000063,2025-01-08,Adam Karoui,P0029,Product 29,services,42.64
T000549,C00192,2025-02-15,210.71,card,P0029,C00192,Youssef,Mansour,client191@example.com,+21620000191,paris,43.0,2025-01-24,paris,client191@example.com,C00192,43.0,+21620000191,2025-01-24,Youssef Mansour,P0029,Product 29,services,42.64
T000550,C00156,2025-02-15,230.26,card,P0027,C00156,Youssef,Karoui,client155@example.com,+21620000155,sousse,42.0,2025-01-16,sousse,client155@example.com,C00156,42.0,+21620000155,2025-01-16,Youssef Karoui,P0027,Product 27,services,35.27
T000551,C00103,2025-02-15,61.31,card,P0015,C00103,Nour,Mansour,client102@example.com,+21620000102,paris,27.0,2025-01-19,paris,client102@example.com,C00103,27.0,+21620000102,2025-01-19,Nour Mansour,P0015,Product 15,services,161.19
T000552,C00187,2025-02-15,103.81,transfer,P0017,C00187,Samar,Mansour,client186@example.com,+21620000186,sousse,19.0,2025-01-19,sousse,client186@example.com,C00187,19.0,+21620000186,2025-01-19,Samar Mansour,P0017,Product 17,hardware,155.56
T000553,C00087,2025-02-15,435.25,cash,P0010,C00087,Samar,Mansour,client86@example.com,+21620000086,sfax,41.0,2025-01-03,sfax,client86@example.com,C00087,41.0,+21620000086,2025-01-03,Samar Mansour,P0010,Product 10,services,123.16
T000554,C00028,2025-02-15,236.51,transfer,P0028,C00028,Nour,Trabelsi,client27@example.com,+21620000027,paris,38.0,2025-01-28,paris,client27@example.com,C00028,38.0,+21620000027,2025-01-28,Nour Trabelsi,P0028,Product 28,services,148.25
T000555,C00008,2025-02-15,132.65,transfer,P0015,C00008,Nour,Karoui,client7@example.com,+21620000007,,47.0,2025-01-08,tunis,client7@example.com,C00008,47.0,+21620000007,2025-01-08,Nour Karoui,P0015,Product 15,services,161.19
T000556,C00188,2025-02-15,339.79,transfer,P0024,C00188,Lina,Karoui,client187@example.com,+21620000187,tunis,,2025-01-20,tunis,client187@example.com,C00188,57.0,+21620000187,2025-01-20,Lina Karoui,P0024,Product 24,software,150.31
T000557,C00192,2025-02-15,454.55,card,P0011,C00192,Youssef,Mansour,client191@example.com,+21620000191,paris,43.0,2025-01-24,paris,client191@example.com,C00192,43.0,+21620000191,2025-01-24,Youssef Mansour,P0011,Product 11,hardware,161.29
T000558,C00148,2025-02-15,158.17,card,P0023,C00148,Amine,Karoui,client147@example.com,+21620000147,sousse,35.0,2025-01-08,sousse,client147@example.com,C00148,35.0,+21620000147,2025-01-08,Amine Karoui,P0023,Product 23,hardware,103.38
T000559,C00021,2025-02-15,496.94,cash,P0007,C00021,Youssef,Mansour,client20@example.com,+21620000020,,42.0,2025-01-21,paris,client20@example.com,C00021,42.0,,2025-01-21,Youssef Mansour,P0007,Product 7,software,12.05
T000560,C00059,2025-02-15,556.87,cash,P0023,C00059,Nour,Mansour,client58@example.com,+21620000058,paris,22.0,2025-01-03,paris,client58@example.com,C00059,22.0,+21620000058,2025-01-03,Nour Mansour,P0023,Product 23,hardware,103.38
T000561,C00009,2025-02-15,360.45,transfer,P0002,C00009,Amine,Ben Ali,,+21620000008,paris,73.0,2025-01-09,paris,client8@example.com,C00009,73.0,+21620000008,2025-01-09,Amine Ben Ali,P0002,Product 2,hardware,
T000562,C00011,2025-02-15,403.02,card,P0004,C00011,Youssef,,,+21620000010,tunis,65.0,2025-01-11,tunis,client10@example.com,C00011,65.0,+21620000010,2025-01-11,Youssef Ben Ali,P0004,Product 4,services,43.65
T000563,C00050,2025-02-15,36.28,cash,P0011,C00050,,Mansour,client49@example.com,+21620000049,sfax,66.0,2025-01-22,,client49@example.com,C00050,66.0,+21620000049,2025-01-22,Nour Mansour,P0011,Product 11,hardware,161.29
T000564,C00115,2025-02-15,567.58,card,P0015,C00115,Youssef,Ben Ali,client114@example.com,+21620000114,paris,70.0,2025-01-03,paris,client114@example.com,C00115,70.0,+21620000114,2025-01-03,Youssef Ben Ali,P0015,Product 15,services,161.19
T000565,C00014,2025-02-15,238.53,card,P0022,C00014,Nour,Trabelsi,client13@example.com,+21620000013,,39.0,2025-01-14,tunis,client13@example.com,C00014,39.0,+21620000013,2025-01-14,Nour Trabelsi,P0022,Product 22,software,29.36
T000566,C00197,2025-02-15,554.72,card,P0011,C00197,Lina,Mansour,client196@example.com,+21620000196,sousse,73.0,2025-01-01,sousse,client196@example.com,C00197,73.0,+21620000196,2025-01-01,Lina Mansour,P0011,Product 11,hardware,161.29
T000567,C00092,2025-02-15,349.49,card,P0001,C00092,,Ben Ali,client91@example.com,+21620000091,,63.0,2025-01-08,paris,client91@example.com,C00092,63.0,+21620000091,2025-01-08,Nour Ben Ali,P0001,Product 1,hardware,51.96
T000568,C00053,2025-02-15,7.75,cash,P0010,C00053,Lina,Mansour,,+21620000052,sfax,29.0,2025-01-25,sfax,client52@example.com,C00053,29.0,+21620000052,2025-01-25,Lina Mansour,P0010,Product 10,services,123.16
T000569,C00104,2025-02-15,27.93,cash,P0014,C00104,Samar,Karoui,client103@example.com,+21620000103,paris,27.0,2025-01-20,paris,client103@example.com,C00104,27.0,+21620000103,2025-01-20,Samar Karoui,P0014,Product 14,hardware,16.16
T000570,C00159,2025-02-15,409.85,cash,P0017,C00159,Youssef,Mansour,client158@example.com,+21620000158,paris,25.0,2025-01-19,paris,client158@example.com,C00159,25.0,+21620000158,2025-01-19,Youssef Mansour,P0017,Product 17,hardware,155.56
T000571,C00063,2025-02-15,339.79,cash,P0020,C00063,,Ben Ali,client62@example.com,+21620000062,sousse,20.0,2025-01-07,sousse,client62@example.com,C00063,20.0,,2025-01-07,Lina Ben Ali,P0020,Product 20,services,12.83
T000572,C00010,2025-02-15,20.79,transfer,P0008,C00010,Samar,Hamdi,client9@example.com,+21620000009,tunis,66.0,,tunis,client9@example.com,C00010,66.0,+21620000009,2025-01-10,Samar Hamdi,P0008,Product 8,hardware,6.06
T000573,C00011,2025-02-15,447.36,transfer,P0019,C00011,Youssef,,,+21620000010,tunis,65.0,2025-01-11,tunis,client10@example.com,C00011,65.0,+21620000010,2025-01-11,Youssef Ben Ali,P0019,Product 19,,168.41
T000574,C00171,2025-02-15,512.03,cash,P0019,C00171,Samar,Ben Ali,client170@example.com,+21620000170,paris,55.0,2025-01-03,paris,client170@example.com,C00171,55.0,+21620000170,2025-01-03,Samar Ben Ali,P0019,Product 19,,168.41
T000575,C00023,2025-02-15,300.37,cash,P0024,C00023,Amine,Hamdi,client22@example.com,,paris,27.0,,paris,client22@example.com,C00023,27.0,+21620000022,2025-01-23,Amine Hamdi,P0024,Product 24,software,150.31
T000576,C00128,2025-02-15,282.13,transfer,P0016,C00128,Nour,Mansour,client127@example.com,+21620000127,tunis,22.0,2025-01-16,tunis,client127@example.com,C00128,22.0,+21620000127,2025-01-16,Nour Mansour,P0016,Product 16,services,185.92
T000577,C00077,2025-02-15,8.26,transfer,P0025,C00077,Amine,Trabelsi,client76@example.com,+21620000076,paris,51.0,2025-01-21,,client76@example.com,C00077,51.0,+21620000076,2025-01-21,,P0025,Product 25,software,127.85
T000578,C00156,2025-02-15,473.06,card,P0007,C00156,Youssef,Karoui,client155@example.com,+21620000155,sousse,42.0,2025-01-16,sousse,client155@example.com,C00156,42.0,+21620000155,2025-01-16,Youssef Karoui,P0007,Product 7,software,12.05
T000579,C00013,2025-02-15,201.78,transfer,P0022,C00013,Nour,Hamdi,client12@example.com,+21620000012,sfax,62.0,2025-01-13,sfax,client12@example.com,C00013,62.0,+21620000012,2025-01-13,Nour Hamdi,P0022,Product 22,software,29.36
T000580,C00180,2025-02-15,,card,P0002,C00180,Youssef,Ben Ali,client179@example.com,+21620000179,tunis,66.0,2025-01-12,tunis,client179@example.com,C00180,66.0,+21620000179,2025-01-12,Youssef Ben Ali,P0002,Product 2,hardware,
T000581,C00140,2025-02-15,226.97,cash,P0004,C00140,Lina,Karoui,client139@example.com,+21620000139,tunis,69.0,2025-01-28,tunis,client139@example.com,C00140,69.0,+21620000139,2025-01-28,Lina Karoui,P0004,Product 4,services,43.65
T000582,C00090,2025-02-15,341.22,cash,P0026,C00090,,Trabelsi,client89@example.com,+21620000089,sousse,62.0,2025-01-06,sousse,client89@example.com,C00090,62.0,+21620000089,2025-01-06,Nour Trabelsi,P0026,Product 26,hardware,170.97
T000583,C00042,2025-02-15,165.85,cash,P0015,C00042,Nour,,client41@example.com,+21620000041,sfax,70.0,2025-01-14,sfax,client41@example.com,C00042,70.0,+21620000041,2025-01-14,Nour Trabelsi,P0015,Product 15,services,161.19
T000584,C00196,2025-02-15,100.55,card,P0019,C00196,Samar,Karoui,client195@example.com,+21620000195,paris,34.0,2025-01-28,paris,client195@example.com,C00196,34.0,+21620000195,2025-01-28,Samar Karoui,P0019,Product 19,,168.41
T000585,C00061,2025-02-15,,transfer,P0019,C00061,Adam,Hamdi,client60@example.com,+21620000060,sousse,28.0,2025-01-05,sousse,client60@example.com,C00061,28.0,+21620000060,2025-01-05,Adam Hamdi,P0019,Product 19,,168.41
T000586,C00099,2025-02-15,300.47,card,P0021,C00099,Youssef,Ben Ali,client98@example.com,+21620000098,paris,,2025-01-15,,,C00099,20.0,+21620000098,2025-01-15,Youssef Ben Ali,P0021,Product 21,hardware,44.35
T000587,C00079,2025-02-15,324.21,card,P0008,C00079,Youssef,Mansour,client78@example.com,+21620000078,sousse,47.0,2025-01-23,sousse,client78@example.com,C00079,47.0,,2025-01-23,Youssef Mansour,P0008,Product 8,hardware,6.06
T000588,C00047,,579.42,transfer,P0006,C00047,Lina,Hamdi,client46@example.com,+21620000046,sfax,44.0,2025-01-19,sfax,client46@example.com,C00047,44.0,+21620000046,2025-01-19,Lina Hamdi,P0006,Product 6,services,132.97
T000589,C00084,2025-02-15,578.33,transfer,P0002,C00084,Nour,Trabelsi,client83@example.com,+21620000083,paris,72.0,2025-01-28,paris,client83@example.com,C00084,72.0,+21620000083,2025-01-28,Nour Trabelsi,P0002,Product 2,hardware,
T000590,C00031,2025-02-15,514.11,card,P0026,C00031,Lina,Trabelsi,client30@example.com,+21620000030,tunis,60.0,2025-01-03,tunis,client30@example.com,C00031,60.0,+21620000030,2025-01-03,,P0026,Product 26,hardware,170.97
T000591,C00001,2025-02-15,116.63,transfer,P0007,C00001,Samar,,client0@example.com,+21620000000,paris,53.0,2025-01-01,paris,client0@example.com,C00001,53.0,+21620000000,2025-01-01,,P0007,Product 7,software,12.05
T000592,C00058,2025-02-15,358.59,transfer,P0018,C00058,Samar,Mansour,client57@example.com,+21620000057,sousse,54.0,2025-01-02,sousse,client57@example.com,C00058,54.0,+21620000057,2025-01-02,Samar Mansour,P0018,Product 18,hardware,141.13
T000593,C00023,2025-02-15,527.5,card,P0014,C00023,Amine,Hamdi,client22@example.com,,paris,27.0,,paris,client22@example.com,C00023,27.0,+21620000022,2025-01-23,Amine Hamdi,P0014,Product 14,hardware,16.16
T000594,C00083,2025-02-15,227.81,cash,P0005,C00083,Samar,Hamdi,client82@example.com,+21620000082,sfax,,2025-01-27,sfax,client82@example.com,C00083,72.0,+21620000082,2025-01-27,Samar Hamdi,P0005,,services,182.57
T000595,C00173,2025-02-15,65.16,cash,P0013,C00173,Nour,Trabelsi,client172@example.com,+21620000172,sfax,18.0,2025-01-05,sfax,client172@example.com,C00173,,+21620000172,,Nour Trabelsi,P0013,Product 13,services,170.63
T000596,C00033,2025-02-15,487.52,card,P0003,C00033,Samar,Mansour,client32@example.com,+21620000032,paris,42.0,2025-01-05,paris,client32@example.com,C00033,42.0,+21620000032,2025-01-05,Samar Mansour,P0003,Product 3,software,156.47
T000597,C00001,2025-02-15,291.65,card,P0006,C00001,Samar,,client0@example.com,+21620000000,paris,53.0,2025-01-01,paris,client0@example.com,C00001,53.0,+21620000000,2025-01-01,,P0006,Product 6,services,132.97
T000598,C00023,2025-02-15,340.81,card,P0005,C00023,Amine,Hamdi,client22@example.com,,paris,27.0,,paris,client22@example.com,C00023,27.0,+21620000022,2025-01-23,Amine Hamdi,P0005,,services,182.57
T000599,C00102,2025-02-15,589.38,card,P0025,C00102,Amine,Karoui,client101@example.com,+21620000101,sousse,53.0,2025-01-18,sousse,client101@example.com,C00102,53.0,+21620000101,2025-01-18,,P0025,Product 25,software,127.85
